,Date,AAPL,AMZN,GOOGL,JNJ,JPM,KO,META,MSFT,WMT,XOM
0,2019-01-03,-0.09960700316954585,-0.025241497784936007,-0.027695610923648473,-0.01589056718478743,-0.014211541949989304,-0.0061794082790266325,-0.029038995825308556,-0.03678788880984463,-0.005142609635861217,-0.015353668177180424
1,2019-01-04,0.04268895199253775,0.05006399867375011,0.05129353610393217,0.01678340094487063,0.036865241878154986,0.01993964782239055,0.04713846494350182,0.04650907745921762,0.006246013678669282,0.036869681478946426
2,2019-01-07,-0.0022260045785531535,0.03435341415874271,-0.001994270566053502,-0.006414699751616015,0.0006951141453512832,-0.013033087202642735,0.0007249481260207524,0.0012755041701240089,0.011772322465985363,0.0052000827661220494
3,2019-01-08,0.019062822902229604,0.01661235994563981,0.008783201811950025,0.023226366097371276,-0.0018855991711668185,0.011288544607369388,0.032451764548614204,0.007250654016279334,0.006980871771670838,0.007270881771434645
4,2019-01-09,0.016982095475312597,0.0017143547179709895,-0.0034274665231988077,-0.00792555513047788,-0.0016903071461146224,-0.019166016723487833,0.011927347023067192,0.014299531640948437,-0.0032561077346049405,0.005274588342767839
5,2019-01-10,0.003196017257906414,-0.0019284287379283116,-0.0026071767625307496,0.006050022489430429,-9.973436580468231e-05,0.010736664450468059,-0.00020791889499749416,-0.006425489892852854,0.0007377428985118062,-0.005108598744070991
6,2019-01-11,-0.009817770097034106,-0.009455231305329326,-0.013310609334632129,0.0003081573815391092,-0.004780966302907141,0.005735788016091092,-0.002773894929211318,-0.007722065897770691,-0.0012635686654277611,-0.004580282117927714
7,2019-01-14,-0.01503721332167618,-0.014232985793521946,-0.012175155508239333,-0.011329300624839278,0.010309245732243344,-0.00401302255098912,0.01105703671073921,-0.007295690765999785,0.0011597870244672848,-0.0012552728986113815
8,2019-01-15,0.020466544653193752,0.035462313843586335,0.03328543062762046,0.008418967916008935,0.0073308188956418,0.008907219377783715,0.024485809736486397,0.02900529655112316,0.013691140558970583,0.0005586909811674534
9,2019-01-16,0.01221677757214601,0.005505997778829874,0.002761115278456794,-0.010204143498943719,0.008064568484734025,-0.01366364292982003,-0.00946603192230433,0.0035232878665498735,0.0010392252814614977,-0.0004183948016374117
10,2019-01-17,0.005937887310145218,0.005606434395265758,0.008820573982282642,0.00820059929756245,0.004097580727528749,0.002983559963281035,0.0051508798042922965,0.007022456224817786,0.004047733724992009,0.006839462327630219
11,2019-01-18,0.0061595581879705374,0.0017598946424279838,0.007442386574799453,0.01239446757905438,0.016226053612157454,0.011687187214240335,0.011732898406688452,0.014983274047772888,0.010233340429081084,0.01192317107392138
12,2019-01-22,-0.02244630641434542,-0.03774908655967102,-0.025891874137525694,-0.01446152483244878,-0.01577576154204874,0.0023107951432481677,-0.016462022685286515,-0.01884717422136939,-0.002455510242365899,-0.015070839457514418
13,2019-01-23,0.004044319234029148,0.004809570602366753,0.005358749524316586,0.0,-0.0025257682097139522,0.011525242155959736,-0.02215917410087387,0.009746593668716219,0.012514110614682217,-0.008206875170654548
14,2019-01-24,-0.007926339610669797,0.009091336230296898,-0.0003780928062487865,-0.013742363148867343,0.0005843942645695765,-0.012015533213340479,0.01060308898586837,-0.004779423450070652,-0.003545834928915026,0.0014024832334724735
15,2019-01-25,0.03313724793039463,0.009450615167288179,0.01615301107641942,0.009446597540237578,0.00632648614055209,-0.006709899741550451,0.021806236620371733,0.00913378000263343,-0.014436640250685695,0.00448198853447912
16,2019-01-28,-0.009254773597865418,-0.019562216712664893,-0.01965478629564643,0.005926790948917793,0.0047394498590773715,-0.004222255473606995,-0.010335021005250855,-0.01950165975385354,0.0012378258839307321,-0.006692762524799889
17,2019-01-29,-0.010364704959846427,-0.02686994204251958,-0.009075348637882064,0.010388533272491784,0.0027915555578628126,0.004876061099969187,-0.022241674375746978,-0.020365608435073956,-0.003606179064262638,0.0037901474078891884
18,2019-01-30,0.0683348513848192,0.04802744720961405,0.026101398517194063,0.010051398218524632,0.0023042309596819077,0.009704700502324304,0.043206857295464696,0.03341753262312275,-0.019749635651344022,0.010907360594795579
19,2019-01-31,0.007200727158840348,0.02891472167185971,0.025410122447709904,0.01093875086806051,-0.008715947985345363,0.0056413087119602245,0.10816397387305887,-0.01833045555903412,0.010864926791241958,0.013694863108000277
20,2019-02-01,0.00048109448271005384,-0.05381880772938674,-0.006457097720823812,0.008416224753711177,0.003671631314425605,0.011842940524311452,-0.005879249807503095,-0.01580010311611646,-0.020557075386438695,0.03602628443676159
21,2019-02-04,0.028404783551297275,0.004353581897566405,0.02038222394782374,-0.00983605394005016,0.003561896009498522,0.011293514892668055,0.02136243143185612,0.028799205975666098,0.00969522416395141,-0.014488857278596612
22,2019-02-05,0.017109734223248463,0.015612487224473615,0.009155231472748326,0.0,-0.0044126438236230525,0.0002031121422760851,0.01128516289114967,0.013997016875875401,0.008758128587297298,0.010291018061173274
23,2019-02-06,0.0003441644936594823,-0.011182689786027766,-0.025159092108136605,0.0009026988707727668,-0.00048175714333964503,0.0,-0.003914445550284307,-0.011099068549026092,0.0004183032509461615,-0.0043652897044913486
24,2019-02-07,-0.01893940511371217,-0.015784110453143985,-0.015121703696239108,-0.007142699689861698,-0.013109608302548814,0.0032481673335127415,-0.02410701415827954,-0.007167633836041465,0.01139682623146343,-0.0077069958357002255
25,2019-02-08,0.0011750675934023569,-0.016198209157239574,-0.0031920012025129507,0.0026505937373810795,-0.00996299645275589,0.0016189218381528203,0.005709781459949381,0.003799975901758623,-0.011888724700930942,0.0016249916525621355
26,2019-02-11,-0.005750932521503271,0.0017503863887402549,-0.00023571820189016712,-0.003021221752119607,-0.004735488314096092,0.0022220827933940868,-0.009203316094328784,-0.003974847082892419,0.006486789685473671,0.001621786714683271
27,2019-02-12,0.0086171537083366,0.029547382710171766,0.023100804876399206,0.01636362658951218,0.017049924463001576,0.0010076149148130487,-0.004523861490993153,0.0155819608094665,0.008004266259821868,0.017543948041522928
28,2019-02-13,-0.004154727203706021,0.001214920135908626,0.00093128347727367,0.002161619697602868,0.004775942386388898,0.0026181784556957854,-0.005877368873174915,-0.0007484615593996713,0.01000313332340319,0.011273305602619965
29,2019-02-14,0.003643492779414448,-0.010579272014338836,0.0005049783545651998,-0.0010413255911579933,-0.006499180691797557,-0.08435470159144975,-0.000731293435193292,0.00084283167262722,0.0059219760545790034,0.0002622624052945888
30,2019-02-15,-0.0022250560735481706,-0.009059262479477748,-0.008475049091153708,0.015412390197512504,0.03056041467145376,-0.007676710516169805,-0.008844226686399725,0.012347961254594253,0.014920799040249122,0.018880424186980882
31,2019-02-19,0.002992471847442335,0.012208075244112715,0.006144933701786037,-0.005059621571744222,-0.003505275706838007,-0.009062897284215943,-0.0012922699073445454,-0.0004622565034981818,0.022101884336459987,0.006691726214727245
32,2019-02-20,0.006435508857713934,-0.0033668938325457365,-0.005254993801024788,0.0048639890035742095,0.0048484867771114715,0.006022810430230008,0.0016636939007903528,-0.0051990696194952335,-0.022700343322098915,0.0038347704676362504
33,2019-02-21,-0.005638388907421632,-0.0016398893947140447,-0.014617433447286388,-0.0068204622632975775,-0.0020816073108462785,0.016851355574724503,-0.015501987591976962,0.021091952665499125,-0.004905877939533787,-0.009041375305227639
34,2019-02-22,0.011165687572247007,0.0074841032295558385,0.011184396879520886,0.008713505357593299,-0.004456190257488668,-0.012647170330669089,0.01155955553697785,0.01425819022915431,0.0016098574128120546,0.007710288772805551
35,2019-02-25,0.007284475803561952,0.0008825736547322105,0.0006896999298933171,0.00368464215014086,0.010476520714141735,-0.007509081402822915,0.016863379656069544,0.005587181317736389,-0.004319454028275049,0.0010200877424317856
36,2019-02-26,0.0005738398607655348,0.00208203509820426,0.004188497102826538,-0.0006609192682176523,-0.007634580467868246,-0.00556267437017921,-0.0029766828688370106,0.006900267513171743,-0.004338321097800524,0.002038096447659399
37,2019-02-27,0.003097747114693128,0.0028660116253622636,0.0007843214149159117,-0.0017630718228248687,-0.0012344767637564313,0.005593790806933008,-0.008042224489488103,-0.0016910458874007661,-0.00587703753652713,0.01029730340044055
38,2019-02-28,-0.009836098860563358,-0.0007677325817357916,0.0032594390591627054,0.005666990430976071,-0.007607516310283002,0.008900808972695406,-0.008353297590205644,-0.0012480872046067848,0.008969507476784822,-0.0055364551283323404
39,2019-03-01,0.010511320363093324,0.019453250691601864,0.019502042898826843,0.012514994200534035,0.0006705800914241777,0.0008826170767755048,0.005140877630709806,0.004463003791363107,-0.010708122552907984,0.012273987557875676
40,2019-03-04,0.00502936592455816,0.014619586796095208,0.004266372931990503,0.0009392665300518299,-0.0022979598628470876,0.0059492887609908784,0.03136545685032166,-0.0023992372427342756,-0.0008167666959397746,0.003874878088442557
41,2019-03-05,-0.0018198075795422541,-0.0022050158240090045,0.013672371546826767,0.0020940523127275235,-0.0007679590973883599,-0.0010950228114100513,0.023241918184588872,-0.004988636093437471,0.0050074603489043135,-0.0014941546600667488
42,2019-03-06,-0.005753852021962436,-0.013873495481994347,-0.003634931502252803,0.00230603653404593,-0.003746030441911352,-0.0032896097595830343,0.007298921374535139,0.0004476991252053697,-0.0008133614737630968,-0.01134817439703395
43,2019-03-07,-0.0115745757997473,-0.02576471998369667,-0.012095202714115683,-0.006110964439132394,-0.0072310542711832015,-0.003740235817115245,-0.019593074659735144,-0.012169709306394383,-0.008243308632323143,0.01110010831088748
44,2019-03-08,0.0023766077707063626,-0.0031673752931026256,-0.0007644660511768597,-0.0013023322348162392,0.00038843875520822024,-0.009717442921029384,0.0027790106002119064,0.00108693344405153,0.0014364634387720177,-0.014346321378852722
45,2019-03-11,0.034642270953954,0.030737873720530162,0.025470235057994506,0.0036216575484186997,0.013008548201180803,0.02988414607005252,0.014563540805062392,0.020993464271764628,0.009119776235745558,0.009745617254149685
46,2019-03-12,0.011235410599717,0.0014844854239022265,0.015255156605356923,0.004474671132256081,-0.0029706329574981094,-0.0028150641778106333,-0.0008716616912327613,0.007001575884701516,-0.0011168547591082767,0.0027575688469463344
47,2019-03-13,0.004421916779271617,0.010585118161452245,0.001511954735421428,0.0016528746069823796,0.0033637489541065158,0.003691709516281394,0.008434129712616034,0.007745278554487811,0.00670920352305493,0.008874845881049032
48,2019-03-14,0.011116853980847274,-0.002714673150861824,-0.0054459698129718515,-0.009970808723118618,0.00910050861101075,-0.002619079862302698,-0.018457608758515986,0.0007860806021178224,-0.002842710975494711,-0.0033453170220000272
49,2019-03-15,0.01300807869875853,0.015502120161135613,-0.0018699442758024487,-0.003043215760529794,0.011486835893304015,-0.008752984852773094,-0.02462254955209131,0.011519250523263302,0.0020364345801675565,-0.0036050819045009286
50,2019-03-18,0.010208587970118366,0.017397066258948213,-0.0014702449563812614,-0.0031249688237865447,0.006006548425724345,0.0024285656951674728,-0.03319661776043603,0.014321636529777804,0.012599141173222028,0.011603404524333172
51,2019-03-19,-0.007924568203032667,0.011307873960989534,0.011703295259513746,0.009258777784532102,-0.003638391724517187,0.003303175203682285,0.006854836043319823,0.0006802773355305547,0.0019061188498965542,-0.0025900030267288487
52,2019-03-20,0.008738406027622325,0.02010391063581385,0.01993405958460781,-0.008306939073915554,-0.02134847873883694,-0.0006587917080138617,0.023952321509051133,-0.0011051487814415228,-0.012117815533817411,0.005564279012814088
53,2019-03-21,0.03683032109226114,0.012235166707998735,0.007909157525883392,0.00589983196420274,-0.015786238114354645,-0.0004388271253452647,0.0038686157916454356,0.02297495308464148,0.004257788962819475,0.005779400431660697
54,2019-03-22,-0.020708259889321567,-0.029951683771010984,-0.023039519424167265,-0.008616935999787745,-0.030232229617444317,0.009228754000439432,-0.010476902063073279,-0.026368135393722403,-0.007873788260765013,-0.016016145756184264
55,2019-03-25,-0.01209125794239907,0.005377413721055602,-0.008504214047657888,-0.0021911654496235,-0.008320246012735844,0.002176876763256841,0.011865537323117348,0.005211097345776405,-0.00111945144817438,-0.006958557309732494
56,2019-03-26,-0.010331696620527908,0.0053544138654035844,-0.006297199686309263,0.014347485571140517,0.010006977065903255,0.013252433215391823,0.008358915669614442,0.002124829239354531,0.001527877820340251,0.013012904671602543
57,2019-03-27,0.008994171628821102,-0.01012467867973188,-0.009942441727817442,0.0009380432914944947,-0.003402327111722503,-0.0006432329273700077,-0.010794412918921248,-0.009668141458547663,-0.011289781733247795,-0.007658123512929382
58,2019-03-28,0.0013266741358033407,0.00437213503435796,-0.004872650189766237,0.0012978794503513136,0.01134737893902349,-0.0006436469422768099,-0.00192901527877265,0.0013700850750422155,-0.0008227115010456254,0.00497887463557567
59,2019-03-29,0.006517371677062123,0.004133266392968293,0.003941276799920956,0.006552247170262371,0.005163391856390254,0.006011274370904651,0.006886200177463886,0.008637563965877115,0.004118183133793085,0.0007432289285123073
60,2019-04-01,0.006791266687352415,0.018778657625842854,0.018769699448719424,-0.005794187539122753,0.033685842073035266,-0.002987526276647001,0.012058154439956281,0.009157281302046183,0.0029730383497601487,0.011509670516824944
61,2019-04-02,0.01453667870194919,-0.00011581671050930886,0.00547135527790843,-0.00913799444774166,0.00477808124532908,-0.0032107579697367994,0.03260212229205206,0.0014282859139993498,-0.00899565926558532,-0.00428189269526591
62,2019-04-03,0.00685522506263303,0.003704629310371743,0.0043715026192390205,-0.003921494405798476,0.001997258169361693,-0.008374292526106664,-0.0037886632840955503,0.006544194117865443,0.0025787947462396765,-0.0058982937826385085
63,2019-04-04,0.0017404142328336647,-0.0010106317894359451,0.0071356612991277935,-0.011664268096067354,0.00966076605699584,0.0064960934679938465,0.014290762902450238,-0.005084602392395721,0.009466026612185763,0.014214897885324485
64,2019-04-05,0.006693983890172284,0.010127196283313822,-0.006560393990772684,0.004499195069570305,-0.002368853401880089,-0.0002150813148590336,-0.0017045513618194619,0.004440307569331559,0.0073385437762132355,0.0053626201337588775
65,2019-04-08,0.015735999520009702,0.0068470544892456076,-0.0026166845148649642,-0.00029335378295947123,0.0032290835684725128,0.0017213255354919799,-0.004495761845221047,0.0003335567000233297,0.004047410083589664,0.006182529579414897
66,2019-04-09,-0.0029983847473081804,-0.007578913297284662,-0.004626434026474002,-0.004186917446583949,-0.007382944217230847,0.002578007998083942,0.015148993661245225,-0.005419676485959646,-0.005441834128577239,-0.012891447755628338
67,2019-04-10,0.005614025692154634,0.006258726672734749,0.003126383743009109,7.402760093788707e-05,0.0044814373822177345,-0.0006428194447367641,0.0013516619431821475,0.007629029665477072,0.009220718412784157,-0.004516096403463399
68,2019-04-11,-0.008324159075531412,-0.001764730856449126,0.0026027258994882896,-0.002729103938277855,0.008449020505735927,0.0015006068340233103,-0.0017434246883603066,0.001164940708208162,0.012048104690306483,0.004781771706763305
69,2019-04-12,-0.0004022884132978133,-0.0005476903050044557,0.010863323869683361,0.005694515330622263,0.04687953828173108,0.0006423702309015233,0.008957164757165126,0.00515237285151815,0.007540007056586306,-0.012568835778236087
70,2019-04-15,0.001810222157559993,0.0009820611162909554,0.0031076685056290465,0.003971522958047924,-0.011419990209824982,0.005562927529888739,0.0030708120869595845,0.0008269872774759879,0.008566192526581418,-0.0033365705245776978
71,2019-04-16,0.00010067161777271849,0.009848939749589336,0.0043863145330833575,0.010987257954988339,0.010551263019443313,-0.0010640107458051995,-0.00434160016189189,-0.002313395549158992,0.004881526700720951,0.0068196211001407825
72,2019-04-17,0.01947302027397746,0.0009553942674214166,0.006680557800912146,0.003622639095201663,0.028802978362968412,0.007028643323281791,-0.0005032176525966436,0.008280312590189576,0.0022344587195377574,0.0028323858696726045
73,2019-04-18,0.0035936492878605453,-0.001678383384266291,0.0010726037754387185,-0.007219259823313173,-0.007349089543230214,0.004230140075136335,-0.002796831771265662,0.01313955229860464,0.00019383020891061697,-0.003684074544730964
74,2019-04-22,0.0032864102448630916,0.01376167016316665,0.009899491344125932,0.0022540866956006766,0.0012336588989256825,-0.0016847097398978716,0.017725079474014027,0.003161397363228735,-0.007850565864707892,0.021816743656924098
75,2019-04-23,0.014423458148487889,0.019318479950358514,0.01342362752571935,0.015018549344864462,0.0012325449702255131,0.017088427008336238,0.012896895187818336,0.01357472192664777,0.006838082298825654,0.005789958490105995
76,2019-04-24,-0.001542303733235384,-0.01144625325368731,-0.008295271865765952,-0.005003713784468733,-0.0016703848975334612,-0.004770431669115283,-0.006529641158428912,-0.003428026177041077,0.004462786685222042,-0.01942859535719932
77,2019-04-25,-0.009075098443146024,0.00026293177839042947,0.005785348232897336,0.003232977907217993,0.0005283383393566154,-0.0029180831493763604,0.05849485297616863,0.03311710132451218,-9.638530048328153e-05,0.005625906270954495
78,2019-04-26,-0.004773968873523438,0.02543302552920257,0.007953694515320686,0.0052988683283026194,0.007569635694277821,0.008779277584330059,-0.009158526280491963,0.005729931047884662,-0.019223258987373648,-0.021041078004136682
79,2019-04-29,0.0015173018285283835,-0.006254395751948416,0.014701602400412073,-0.003917394658038087,0.01441446887709108,0.003315352099845237,0.017180924004810638,-0.0009238808282698852,0.00029560014156371217,-0.006460343418839942
80,2019-04-30,-0.01925627503720284,-0.006144196629405907,-0.07501932014685087,0.009725114502459942,-0.0006029378999390378,0.013217782496332209,-0.007084957272029291,0.006395823653642108,0.012603308683369008,0.00387639766778336
81,2019-05-01,0.049085899167831126,-0.007786060129541195,-0.021385214820633824,0.005311711706503797,-0.007669038953505347,-0.009580291575598032,-0.0019129336483891812,-0.020826915158457915,-0.014391206638611487,-0.020054633659403853
82,2019-05-02,-0.006508095175108308,-0.005597598276473326,-0.005804086114912788,-0.00471993818092431,0.0021708999415832597,-0.0041159966218350386,-0.0025903617097470244,-0.01305904018227888,-0.002071984032311236,-0.01754204674456894
83,2019-05-03,0.012431555021878093,0.03242811755501673,0.019751395806980376,0.005167091436457216,0.006152016446310693,0.006819482831407209,0.015270299273902888,0.0213134754463824,0.009194337283278342,0.002328873610557558
84,2019-05-06,-0.015442864648748666,-0.006068961956673058,0.0032868889229036302,0.0005634047885096916,-0.008870131880349352,-0.005131364421861573,-0.008134249777508096,-0.00581844702769907,0.003722543797187061,-0.004388724904299979
85,2019-05-07,-0.026956945758674133,-0.015149504925400126,-0.012233372872202275,-0.014919992088313183,-0.016335144198304064,-0.009696714736017409,-0.021198705341438195,-0.020522739462548012,-0.011321368021552258,-0.005315414169324684
86,2019-05-08,0.0001971884444260663,-0.0016814851400369646,-0.0068540115187746276,-0.0012863017773574459,-0.005299821722822284,-0.003124646754360638,-0.0012119194526970523,-7.955163737627391e-05,-0.009871895808524211,0.0015637971099362602
87,2019-05-09,-0.010744296772769557,-0.009333722778829934,-0.002400219660408154,-0.007582506377421527,-0.0007994506347631658,-0.009404605272247624,-0.0046955879988063165,-7.981732401629582e-05,-0.0023051070351816083,-0.0009107678781222761
88,2019-05-10,-0.013853380612773414,-0.005205610992477072,-0.0002826126502191162,0.00230636628902281,-8.84797989713082e-05,0.0166668127837577,-0.0016433385524420308,0.012988242507887993,0.02380963830447702,0.008695765339338912
89,2019-05-13,-0.058119547204279476,-0.035608819608768605,-0.026592072552701795,-0.013304732853737011,-0.027197849397992968,-0.0029054649885589257,-0.036104849684108875,-0.029733479863759515,-0.019821645485561645,-0.011102434440016351
90,2019-05-14,0.01583047223923728,0.009568262041155462,-0.010320199266442565,-0.00276935331030137,0.007948980581091947,0.013319565294517943,-0.004461841181461645,0.011187814922637207,0.004004295847525929,0.0013206676138557416
91,2019-05-15,0.011979235372698627,0.01686309695084587,0.04084064537641896,0.0006576531375599437,-0.003807319936817377,0.010063829269288505,0.030653508050520584,0.014082195902868966,-0.004088052388062313,0.007387026565453647
92,2019-05-16,-0.0043998243808954784,0.01946395630546416,0.011701224110169495,0.00949545676819663,0.012829907345528246,0.008133234330844452,0.003865231656310808,0.023091601739645418,0.014317163185468162,-0.00013097307686393833
93,2019-05-17,-0.005681964394218975,-0.020219492921261684,-0.013271411854273163,0.0028940733841282817,-0.004851233481899753,-0.007664637602451285,-0.00903787984644,-0.006670266720740892,-0.004441909092118501,-0.005892994596040091
94,2019-05-20,-0.03126988715371959,-0.005366456690264809,-0.02063676400755432,-0.0013710591751655565,0.005235725949695791,-0.007113690042907073,-0.01392342304061056,-0.0144454021687761,0.00654409623194141,-0.00013176673370740577
95,2019-05-21,0.019171266083455096,-0.0007800247985996211,0.00854391204265137,-0.0021669278219648147,0.003413139534845122,-0.005117515612874213,0.011493080375309717,0.005387678793826067,-0.00394043640914854,0.004611210539001709
96,2019-05-22,-0.020471899050643283,0.0011628591845380676,0.0012213276362476044,0.004633574940833718,-0.008144759984468064,0.021605213273687918,0.002705346923111973,0.006067568814338342,0.010977338389703828,-0.009049183269688066
97,2019-05-23,-0.017069600594707635,-0.02376751975512159,-0.00909277981664569,0.007422747973558685,-0.019671572625951095,0.004027930535841273,-0.024012484061950667,-0.011670682130536902,-0.003619504836952281,-0.023425037506274005
98,2019-05-24,-0.0038407113989348263,0.004296377605180091,-0.005876094136250454,7.21909652741104e-05,0.009848940447988674,-0.004814694052934887,0.0010504029307891738,0.00047543958402407327,0.00795232623365516,0.004201068496953342
99,2019-05-28,-0.004134614494359701,0.007212290050219838,0.0008345014461899058,-0.01281973876984066,-0.010846462772095111,-0.010280033292694668,0.017949973478698755,-0.0006335967892795447,-0.0024353178320120072,-0.020108256283290715
100,2019-05-29,-0.0047691436433096035,-0.009387773958249856,-0.017217289802270885,-0.041876391726220374,-0.002764561241217045,-0.009979504905454184,-0.011502483543862296,-0.009670196107011475,-0.0029289130558840526,-0.006197129934241152
101,2019-05-30,0.005186861758659234,-0.001577639243082074,0.0013125262424542594,0.005939214747552324,-0.010719128780370069,0.013166020439200343,0.004500788973847758,0.006322915218696767,0.000685147158002275,-0.002632952729759497
102,2019-05-31,-0.018115608871345668,-0.022710755340790256,-0.013295599907148126,-0.007266714335542823,-0.01027447612806276,-0.0024366750225517375,-0.03027153391642523,-0.016304765240902852,-0.007339226080212313,-0.016673591603624693
103,2019-06-03,-0.010110343553463741,-0.04640947352034053,-0.06123816690387085,0.0022113759918687137,0.004718777739908253,0.017301195707827954,-0.07505498429694757,-0.031047976472164618,0.005126454234877009,0.015684282161343877
104,2019-06-04,0.03658380178181897,0.02178187690076805,0.015162513529957788,0.017422225760865384,0.030809676050537194,0.0004000391535723402,0.020408151793568807,0.02770374438795775,0.005884561826135837,0.02378975482505452
105,2019-06-05,0.016143640940222248,0.005169016882808464,-0.009340964726509027,0.00486069419888957,0.003553849761480654,0.01560001050225912,0.004000163058357709,0.021678913345966278,0.018135834094719527,-0.008289193205257894
106,2019-06-06,0.014681504322848982,0.009122798271355315,0.0029868043351188867,0.017115645055307827,0.0021792333331294156,0.012209470255568178,0.0009513162557297505,0.015815048001613485,0.0066079722949505815,0.01822415532966959
107,2019-06-07,0.02661686250467632,0.02831229113708922,0.01967046010436957,0.013681573177702688,-0.01096317796730606,0.0017510871026187314,0.029822366212799212,0.028008067133244774,0.009038113112104007,0.0036333955328298195
108,2019-06-10,0.012779590461874157,0.03137422141504986,0.013469007674018707,0.003392031468796519,0.010809739390333029,-0.0021362420390752535,0.008479972023224924,0.009132712835982382,0.01376564273534675,0.004424732186803837
109,2019-06-11,0.011579525896428411,0.001649933470424525,-0.0015884917576609592,0.005467283603947548,0.0030812953381611496,-0.0009730310390192454,0.018762213780245007,-0.0037708231754257637,0.003906413376185469,-0.0009343334256586289
110,2019-06-12,-0.0031824097984624045,-0.004496418192190821,-0.0017944594623153787,0.013592404492664079,-0.012739325019351044,0.006039183440208484,-0.017181471848912167,-0.0046177448207267435,0.008152244630122985,-0.010823062933895677
111,2019-06-13,-0.00020618663278848537,0.008074084887562893,0.01103689546343567,-0.006846031904974348,0.00247132375286907,-0.002146771265526981,0.013882587571713456,0.006312375326425146,-0.0015618872200051648,0.00878016709908902
112,2019-06-14,-0.007262499595830252,-0.00033686328637261287,-0.0043170403159022985,-0.004406273299196295,0.0025558654935669,0.003520522697180839,0.021750220296802958,0.000982185968877003,0.003865669072154798,-0.00441866783784961
113,2019-06-17,0.00596677996494499,0.008750215966301989,0.006986867032483524,-0.004640151826514782,-0.005463420322760815,-0.008575369446611747,0.04235367772321408,0.0030201247582832824,0.0008250605918307397,0.009952669963246397
114,2019-06-18,0.02351839161907443,0.008133468756305495,0.010375939246864085,0.005665663425092671,0.013642134338253564,-0.004521611329146857,-0.0028570010520312383,0.017388008667638788,0.004488742199023177,0.008656500801345723
115,2019-06-19,-0.0029224375441376793,0.0039024725343070887,-0.0006605719490986317,0.0015689108380783079,-0.007225777373215725,0.009478748850676011,-0.005252869837906515,0.003921298328391165,-0.0002737569761790404,-0.005545320635931716
116,2019-06-20,0.008035538575062118,0.004924598579345574,0.007867889656765215,0.012531363335746448,0.0025474292371672203,0.010563452576930255,0.01093468799165298,0.009286028376926714,0.006386041212913529,0.017126986746544892
117,2019-06-21,-0.0034092064630419916,-0.0035919036198248655,0.010932442910745355,-0.0008442077225183642,-0.006806698243914111,-0.002129318068564423,0.008494501727275061,0.00014599696567874076,0.0073423223040167684,0.014097385161772946
118,2019-06-24,-0.001006246358027818,0.0013603018897809793,-0.00770427610222546,0.006826730961576821,-0.007127184015332189,0.007177468834220324,0.007638578571075749,0.005913849028735152,0.0009894249750859174,-0.009525460136041719
119,2019-06-25,-0.015157600792585324,-0.01861645619625707,-0.02607677104116679,0.008248256094220308,-0.008282745426708926,-0.003081688433510976,-0.019522508626269253,-0.031572284614749035,-0.004674089361087708,-0.008836813744890537
120,2019-06-26,0.021628893945944805,0.010413885939478895,-0.00667535419452836,-0.016569447972260343,0.006681743315431143,-0.012364767848398905,-0.006248567220613621,0.0037474888525104166,-0.005057937952259839,0.004327029679288774
121,2019-06-27,-0.00030007771079698653,0.0033985604479442877,-0.003415718342585472,-0.008177685262865442,0.003318441809764039,-0.0007824100723381466,0.00980494030596124,0.0016426033419558728,-0.0005446360269356632,-0.01018284974010275
122,2019-06-28,-0.009111843170588663,-0.005592597818778633,0.0057308811534326765,-0.010022289871260082,0.02719599350256474,-0.003132274332412588,0.018469575624759926,-0.0014162223947842278,0.0035423493343136325,0.010682964982696719
123,2019-07-01,0.018340790074587332,0.015082077541072714,0.015884755881532042,0.0005743804492641669,0.016815682367454787,0.013354040296311931,0.0,0.012839371911086861,0.0011765391257971825,-0.0009131583678481103
124,2019-07-02,0.005854501576452176,0.006305337412949363,0.011454619467370364,0.004807707880366552,0.001055549499752395,0.0073644797249334815,0.010362740540569071,0.006633272228650844,0.008858994769756379,-0.010971854312505469
125,2019-07-03,0.008286870549889969,0.0024246069203848197,0.009338521831218083,0.01506824333605783,-0.0015928031405586518,0.0023087562094246117,0.011282006470970662,0.006443169377302382,0.006451640575027673,0.009508608712440525
126,2019-07-05,-0.000880631828784173,0.002016536782024403,0.008619731249553508,-0.01104518050464065,0.005938464784309483,0.00019201313495753602,-0.004056750840477408,-0.002910049757981481,-0.0030271064643840884,-0.004055563622415215
127,2019-07-08,-0.020613932129085577,0.004843221049465329,-0.014019960697982614,0.002845218414340156,-0.005462868053762171,-0.002111199491132476,-0.0032586983842362027,-0.0007295174028233431,0.006608491959413154,0.004597758762469484
128,2019-07-09,0.006099620874636891,0.018429393240526393,0.0067156637770811045,0.003121416195644322,0.004252718514046183,-0.007884615956460062,0.017623722910517614,-0.0036506051328221156,0.00141956403526744,-0.0006540593587077703
129,2019-07-10,0.009888468908003434,0.014640624938845548,0.014782665276452889,-0.0014141914516074827,-0.002911539585371714,0.004458235310466074,0.017669678170213476,0.010186254242935622,0.0008853700247455354,0.014130453044471913
130,2019-07-11,-0.007282269068740854,-0.008099507325226352,0.0027784008862725695,-0.007789981554507386,0.009556020111895602,0.004245577828269287,-0.007398884989996746,0.0039895855524656465,0.008320401054324078,0.0007741465892376898
131,2019-07-12,0.007682856995515186,0.0049624026209122984,0.0011014094827450638,-0.04146722880757825,0.010517144952911561,0.0015374260831200193,0.01808863117471171,0.003612739282171651,0.005968849771544882,0.0007734807296333468
132,2019-07-15,0.009394768444330515,0.004967642414728024,0.004513893413065739,0.003052683082958252,-0.01214226038372801,0.00019166973829709555,-0.004685772218609552,0.0,0.003316088442361753,-0.00708479358045766
133,2019-07-16,-0.003459880387923997,-0.0054873776497271765,0.0025641282799613307,-0.016405447209725366,0.01071096819488293,0.00019181277634872096,-0.00034330377391300626,-0.013102827672260453,-0.001913685634956197,-0.01491945799346861
134,2019-07-17,-0.0056234969895772036,-0.008891002112726198,-0.005825991850453849,-0.004830378117618883,-0.009815843112686129,0.0007671938319664395,-0.010007889946934134,-0.005908629878777716,-0.0013941105989285774,-0.005926367264285526
135,2019-07-18,0.011359882584642156,-0.007093314974038978,0.00043616094915921444,0.0015925572697077506,0.005965362973758159,-0.002874614216481275,-0.005054492051592918,0.0011001433934871852,0.0010472899558759963,-0.00847925341740241
136,2019-07-19,-0.014927779393069995,-0.006764737761974726,-0.013676421295302665,-0.013326146889717116,-0.009854124473588577,-0.012300871813820669,-0.01205289914577079,0.0014659987079050918,-0.007147786472273099,0.002004273486462038
137,2019-07-22,0.02285407341373835,0.010745666804249376,0.0067693981084135935,-0.01281572094571981,0.006429350295577008,-0.0033078638424559603,0.019963558558970584,0.01324873935137072,-0.009482318347817653,0.0010669971762808927
138,2019-07-23,0.007817903242932855,0.004462067812825987,0.00775984148501907,0.0015545773523260031,0.01829000917960144,0.060718737575725656,0.00019762842845416628,0.006212156549953107,-0.00647030404991622,0.003996264815805839
139,2019-07-24,-0.0008139635217087049,0.003168672237739978,-0.007247139594693808,0.0072962022738765064,0.004039341951268094,-0.010123543417859815,0.011366025053421325,0.010266855109852813,-0.0008028313966411682,-0.0001329867033990073
140,2019-07-25,-0.007907276267069219,-0.013489486526910066,-0.003325276393183363,0.010324983386185593,-0.009586847555337452,-0.013201923403647342,-0.01930025954746717,-0.003766592927365031,0.0019641535233858587,-0.00570573661460505
141,2019-07-26,0.0034779629219445773,-0.015589116785757695,0.0962023015730269,-0.002974398672280665,0.004407655825630297,0.020727537346667546,-0.004783273896141638,0.00820341223546106,0.007128885444614097,-0.001601603768472959
142,2019-07-29,0.009338472398666475,-0.015748424764873037,-0.0027144304286045307,0.01751720164495385,-0.003183510043906046,-0.0033227789933313323,-0.01907361710213129,-0.0021935261664530747,-0.006635953000422634,0.00708472686772299
143,2019-07-30,-0.0042922642360628815,-0.007278612913047322,-0.011144713657124439,-0.007066648374095319,-0.002244423580145094,-0.005001218931036111,0.005613862308542439,-0.004821556530401838,-0.0018702324164044937,0.00013290166284418703
144,2019-07-31,0.020404465914207526,-0.01672348135049362,-0.007980479715795297,-0.014082459792573832,0.003547159498210828,-0.02029025453203792,-0.014261044500808784,-0.02906984603556928,-0.014992142086101112,-0.013138888482586153
145,2019-08-01,-0.021639323811983968,-0.006138892274227259,-0.005270105954015558,0.0005375144477346439,-0.02637926224725229,-0.011400407865213902,-0.007722757915632927,0.013135200423635585,-0.00905982193956123,-0.025551317794056283
146,2019-08-02,-0.021158129431322337,-0.01729077783786115,-0.01275801291766665,0.005986764365660813,-8.866675779417577e-05,0.005765983005722841,-0.019249695549282353,-0.008402445385631951,0.00018310871613613777,-0.009798578556085014
147,2019-08-05,-0.052347733079431524,-0.03187185710749196,-0.034748168548219605,-0.006942863510715713,-0.02975305294629338,-0.012994580912789488,-0.038567471372313866,-0.034258105676016504,-0.03272417269586625,-0.02048775164896699
148,2019-08-06,0.01893027216798715,0.01286026675758456,0.014141452226767104,0.004686627897018569,0.007848835045944025,0.012003637487898011,0.015297294891260416,0.018757826033042546,0.013702589340853999,0.009675625650538366
149,2019-08-07,0.010355093474384125,0.0031154615501278737,0.0041244095165746675,-0.004282451901316375,-0.02173317670410413,0.01740991822009752,0.003468776014986741,0.004380442067798862,0.008669705702066599,-0.006482477997217462
150,2019-08-08,0.02205615837617536,0.022019656560675394,0.025750293853208372,0.011289448138007696,0.016940006060482293,0.009589832029034628,0.027059157723196448,0.0266853823152704,0.007894580596040202,0.026666390382723115
151,2019-08-09,-0.008240419463846793,-0.013808825620453047,-0.014334404515969457,0.0027340299559575065,-0.0010924966910276224,-0.005028816948602022,-0.012147633589477791,-0.008495840345872141,-0.011426737181233104,-0.021276420000389318
152,2019-08-12,-0.0025375304881539718,-0.0125360496687702,-0.012112068711728208,-0.000833182283287881,-0.018771420387228566,-0.004118417235935312,-0.013201960200015073,-0.01394218586174123,-0.019201561007527568,-0.004859416627826407
153,2019-08-13,0.0423485141964659,0.022085030397553274,0.018927295622133578,0.011293929721383655,0.015415883494032112,0.005639264294747148,0.016615317786888628,0.02069341482514453,0.020813207918718435,0.01235093134562093
154,2019-08-14,-0.029765084529145502,-0.033645045853565536,-0.02714061656339184,-0.02368478961625986,-0.041521854346254994,-0.009532736260437935,-0.04637821071241899,-0.030114140054715466,-0.011265093451378161,-0.04028929766337008
155,2019-08-15,-0.0049813725008196474,0.007464685662255555,0.004354683802436865,0.00214960987710211,0.003816813913733119,0.016606994270919495,0.016025642122745598,-0.0022395752629922328,0.061110889476888364,-0.005912627074876942
156,2019-08-16,0.023594491815000396,0.009261785673171152,0.008457867822880827,0.0062815760149665945,0.023954436832410275,0.010024112842746069,0.006079317148997232,0.018327865348289007,0.002662350844115924,0.015613265101988238
157,2019-08-19,0.018644191171254043,0.013137538159314621,0.018003654796850732,0.006775424198626867,0.0090046973337774,0.005146217846795587,0.013445875941715313,0.016748292633930628,0.0072568451017349656,0.01683762870457106
158,2019-08-20,4.7614013490848706e-05,-0.008116198419710674,-0.014086507971040052,-0.012476287447165002,-0.012696681049826575,-0.01481076452685326,-0.012676693674572581,-0.008308776580962074,-0.015464026528262953,-0.006047736571963447
159,2019-08-21,0.010838576410288514,0.012301698764070057,0.006801618370108731,0.00712091669378867,0.0027955469327105575,0.004082820697921541,-0.0014143631358317643,0.011147245492913349,-0.0002675879208664522,0.009995563577416933
160,2019-08-22,-0.0008467025701002218,-0.010353490725939274,-5.028969835862984e-05,-0.001976867740789312,0.010315020503096628,0.007209250137343526,-0.008226822385140942,-0.007277331507702378,-0.0009820151138123512,-0.002151037032438019
161,2019-08-23,-0.04622059085119512,-0.030498806969126657,-0.03184169427090178,-0.026967218015732874,-0.024834297564259256,-0.013764180162554318,-0.023566055715502188,-0.03186229025750342,-0.009650591681180987,-0.029898222163141974
162,2019-08-26,0.01899933851114488,0.011002318967479496,0.015256804029804671,0.0080452097688124,0.0080172786206969,0.014886520947319681,0.014683532782699737,0.015443274889796355,0.010466545801246063,0.0053340253939688775
163,2019-08-27,-0.011283772507991063,-0.003979912470737479,-0.00030738805212859877,0.014397683343262857,-0.010573764174487632,0.0033004956198865454,0.005211698221672112,0.00214117125271307,0.0038391226295235725,-0.009727123788281444
164,2019-08-28,0.006710479054485852,0.0013735967509673763,0.002502632162479479,-0.007405314952646402,0.01002496015793164,0.00712704989063373,0.0025372456498604645,-0.0013265841437624104,0.0026690801151079135,0.007292814217265908
165,2019-08-29,0.016931695170484984,0.012554889043934425,0.017456800703294917,-0.0034191166830681574,0.022659125377576972,-0.0010888995924385192,0.020961709859841804,0.018885074944591684,0.01206518135914636,0.011081638810955141
166,2019-08-30,-0.001291846120326623,-0.005659435682760394,-0.003106507446458351,0.0009358411547075729,0.005859813432197214,-0.00018163853964658916,0.0005388328426489952,-0.0018825412668889152,0.0015779466761483008,0.0007306537891906828
167,2019-09-03,-0.014563644982429458,0.007628234940805445,-0.017622472943350176,0.002960334425112565,-0.011833323701015197,0.004723800520905153,-0.0176657232092835,-0.013201471029766543,0.003325570305029002,0.0011679525692482873
168,2019-09-04,0.016966473859981512,0.006022901313268436,0.010876049552133615,0.0009320644812762513,0.01206701903984908,0.00849926478326224,0.026042913851892502,0.011687139228349297,0.01107805019231356,0.010647830461571584
169,2019-09-05,0.019551925153020067,0.022270161635782326,0.025307198333500702,-0.002172839246865399,0.022754053899220805,-0.011655003625358873,0.020092021388932846,0.01758401723712333,-0.004054802283104064,0.014143278507823709
170,2019-09-06,-9.399421611833159e-05,-0.003916990505865581,-0.004842502076382482,-0.002877684539894787,0.002135943243934957,0.0019957412512159323,-0.01786278192096802,-0.006783598790210954,-0.006150236194651937,0.009392426561861011
171,2019-09-09,0.00426712824174702,-0.0011780869502403535,-0.0008703683049984257,-0.00982766935486512,0.02477586104214491,-0.01285549043499179,0.006773723370137041,-0.011358700893391416,0.013945816659244548,0.007894865246362182
172,2019-09-10,0.01181310459757623,-0.005897299060526495,0.000356709359034868,0.020480511908358867,0.012738301291479237,-0.002200851222697975,-0.01372099792956849,-0.010470959907135868,-0.002406856734754048,0.008113437285237168
173,2019-09-11,0.03179492693661601,0.0013402724765312346,0.01186042420963851,0.012505010382140025,0.002738005000469279,0.006801356429733563,0.01246167345044591,0.0002935979959324264,-0.0002586886999591531,-0.0019428164454552421
174,2019-09-12,-0.0022360352506719527,0.011278173776551048,0.012270467830265419,-0.005641796627776419,0.006143807068274665,0.006207794725453297,-0.00541140896278991,0.010285143409970887,0.0077572671169554575,0.0006952442835270745
175,2019-09-13,-0.019454157447555076,-0.0022835833039022146,0.004097217252113872,0.002683478777817605,0.019676112089392017,-0.008225285818075467,-0.0014936378884613521,-0.001454381602231436,0.004361983640658318,0.009169364731110852
176,2019-09-16,0.005257294628720155,-0.01712575737502442,-0.006774094113252138,-0.009481424283895867,-0.008899592280146473,-0.005528830038456278,-0.0051819877863942265,-0.007209292033940051,-0.01583911914233538,0.015005620904803507
177,2019-09-17,0.0036379930889607337,0.008136828085409498,-0.0014208454370744361,0.001003530107914985,-0.004951503346660835,0.005189056516527124,0.009988284005226777,0.007774971924008778,0.008133351872865013,-0.007595671241146351
178,2019-09-18,0.00937914345230606,-0.0027928049815375555,0.0022522943724352373,0.005706989941476115,0.010036355768822114,-0.00018455665580596747,0.00031896880761439483,0.008225062188806032,0.0055789572096693885,-0.004783252196040477
179,2019-09-19,-0.008124828997469136,0.002222836785043869,0.004948655314094275,-0.0023007069487057663,-0.0031730255191548817,0.0053478128401032166,0.010630347368962179,0.018408999556042804,-0.00042645688896381095,-0.006729119108609627
180,2019-09-20,-0.014618289444846333,-0.015009572450642827,-0.007192682760072122,0.01183619040256656,-0.004020810501336958,-0.011188619666108401,-0.0011044171184896312,-0.011554780463181036,-0.0011100530173138168,-0.003456358521908731
181,2019-09-23,0.004547015276274102,-0.004938252915601793,0.003943550829510478,0.0006835097660424783,-0.0001681362665072461,0.0042664727428856075,-0.016374295332765576,-0.0021514756129972223,0.005471031862454678,0.00069365502627039
182,2019-09-24,-0.00475488513085498,-0.024472096150627953,-0.013250287994208354,-0.0014420874224115865,-0.013038455037988506,0.0029550955895323305,-0.0296543370344593,-0.012649080817121128,0.0066312256726819285,-0.013725233633948508
183,2019-09-25,0.015389521023534636,0.015342109540061655,0.022662213409097243,-0.00425709382413475,0.005710355477593465,-0.002394101465801435,0.00838489697155409,0.014412403417414898,0.0005912738356934621,0.0029520341014868112
184,2019-09-26,-0.005157391350120166,-0.01611124135996367,-0.002929569687270095,-0.01633701821443123,-0.008220454843324232,0.004061371918656409,-0.01471543702495759,0.001291951305729011,-0.001434935939452986,-0.005325916220381366
185,2019-09-27,-0.004866228522751648,-0.008270849128875435,-0.013153126777922353,-0.0019401729848014249,0.005896052299682042,-0.0014710986124412129,-0.01671222904317815,-0.012971642932693483,0.001267783538225542,0.007186491349801427
186,2019-09-30,0.023535210475825963,0.006062217161457495,-0.0039234985240683695,0.006065334597726846,-0.00025504376876395174,0.0023940036080924987,0.005533579951394696,0.009439127729687913,0.0019419672336549176,-0.012171278185712398
187,2019-10-01,0.002768296646422197,-0.00014978297291068365,-0.012398230800383714,0.0047147985747331145,-0.018183024122536917,0.0038574352759188635,-0.0127471355668477,-0.014097905187045123,-0.006993839384194067,-0.02350954834736696
188,2019-10-02,-0.025067804305212937,-0.01291737598591125,-0.02328363452640103,0.015462778633647867,-0.019904886865830473,-0.028727966261614113,-0.006882246054970009,-0.01765532234860645,-0.014679484172707258,-0.02610591086908709
189,2019-10-03,0.008494549341109048,0.0065315416415505645,0.00977157939701323,-0.006136315225278466,-0.001424250310798847,0.014317580763694382,0.02737686825813035,0.01210552845759727,0.0016364748216581848,0.012360496117463038
190,2019-10-04,0.02803193237045898,0.008831925999802426,0.018100991689335766,0.018827468954219828,0.021659956945007552,0.013001642247224554,0.005965117705603484,0.01350182227399821,0.015905420587942087,0.014562741218321795
191,2019-10-07,0.0002202487930365038,-0.00401799145160453,-0.0022378723156918356,-0.003740909824459848,-0.0021811741657182804,-0.012284656461009846,-0.004267211595266107,-0.0072403183048703745,-0.007870632779016673,-0.013773884200352304
192,2019-10-08,-0.011714935270201177,-0.01566961490022023,-0.014996858716609385,-0.009912802986001945,-0.022296116555392098,-0.005383118348816662,-0.010741263495905984,-0.0105745861042289,0.002985340183363272,-0.01940600032929274
193,2019-10-09,0.011720044754496062,0.009662859223618092,0.010309796766304391,-0.01987269849031026,0.007243766306541666,0.004665627699734776,0.011814258159618563,0.018943438438322246,0.011481523808224203,0.011094336891845913
194,2019-10-10,0.013478319323829924,-0.0010046756673366408,0.005879824767697439,-0.0012379714392665164,0.014028105113949252,-0.0031582493060544614,0.0010007802563087864,0.006220740900436006,0.005718177552501036,0.012010854585407627
195,2019-10-11,0.02659827838629991,0.006778047269550891,0.005159317844800615,0.0175886562005938,0.016898694340476084,-0.0067086604125666804,0.023107263018512958,0.0041696246919489255,0.005267001193220544,0.010696116561683677
196,2019-10-14,-0.0014394265248389715,0.002604069615361304,0.0016944515207415467,-0.004645001827644379,0.002669381151847894,0.0,-0.004940517251024179,-0.000930526834163059,-0.008899034777270276,0.002899163079374878
197,2019-10-15,-0.0023315298582791133,0.017823932579885904,0.020094167584239653,0.016217993310732703,0.030141562071177574,0.00393993976591811,0.030608798704941043,0.014475166352534652,0.0030208884125684232,0.003469146507420584
198,2019-10-16,-0.004037151261743865,0.005686324313618707,0.000611809483517689,0.017539989295071612,-0.0023340392403480292,-0.0003737142326618592,0.003494181168221422,-0.008193979513110405,-0.0009203158142996326,-0.01714174845641936
199,2019-10-17,0.0038827823943328177,0.005654258700535264,0.007884112940287569,0.007398103743786466,0.005598167284293076,0.005608591875064128,0.004431499776400782,-0.005127662650513676,0.0035172368115690134,-0.0013194382408152627
200,2019-10-18,0.004803065931450412,-0.016766587598934568,-0.00669687853349743,-0.06220155678817274,0.001745026719163878,0.01840484961608535,-0.0238457316474755,-0.01632204050497532,-0.00584127130229406,-0.007777879344000094
201,2019-10-21,0.017342489990082033,0.01601690499181374,-0.00010453093704665406,0.002505699474593559,0.024801035330986654,-0.010040365257347195,0.02103842696612479,0.007423107481623337,0.00503601149068289,0.01671333859761215
202,2019-10-22,-0.00228694466950774,-0.011161118465189634,-0.002475373312137319,0.009217288639076893,0.010036320555774969,-0.007006899164057945,-0.03910204153743502,-0.014881362407058618,-0.0013360746434744053,0.0050919604395049944
203,2019-10-23,0.013419012906440875,-0.0020161792094772757,0.013237189669506044,0.005417980320179927,0.0026443684915038457,0.014670191497698548,0.020895034979119043,0.006379764141909217,-0.001923615756101782,0.0095525410194639
204,2019-10-24,0.0016450244423491522,0.010560886524610735,0.0011768999033818783,-0.01847566994470573,-0.0007192431130347288,-0.000548680332283169,0.0012356524859771234,0.01967368101969913,-0.002094628827234657,-0.009462153410874086
205,2019-10-25,0.012316150165502915,-0.010922221117825037,0.00412191378059501,0.006666648976716427,0.007997988362716146,-0.015748232036655097,0.00810149401464244,0.005645086033337909,-0.0005037071838369656,0.002315504014357872
206,2019-10-28,0.010016896738200165,0.008942089145920873,0.019520682947064882,0.0064666948686336045,0.0038088186921385603,-0.0033489288395244232,0.008036796514297118,0.024585920314510235,0.0015121989948998493,-0.008808693448940641
207,2019-10-29,-0.02312765960023233,-0.008086279290598686,-0.021970853332873408,-0.0004645510658626284,-0.0006323824653748922,-0.002986799366222259,-0.00047507809030133963,-0.009431639055531349,-0.017362716321630445,-0.0029135995458773323
208,2019-10-30,-0.0001233063562078307,0.009803069503577566,3.16689847874585e-05,0.02881038279363679,-0.005536812032215677,0.009923319605112058,-0.005599422714132274,0.012462266545377965,0.008108934015322866,-0.010520193509077291
209,2019-10-31,0.02260927937991042,-0.0018707552680410355,-0.001507127462040625,-0.006022210523649374,-0.006442360582934681,0.009083999898929607,0.018061136712498538,-0.008574845346998261,-0.007112567123770952,-0.0022151704370969583
210,2019-11-01,0.028381234857033144,0.008318962677863917,0.010684857388674196,-0.006361736013093311,0.023054810818739613,-0.009737018874954928,0.010279182338753357,0.0024415135309654445,0.003070415160793427,0.030043082510622376
211,2019-11-04,0.006566941887962363,0.007379573116068405,0.013645190462920231,-0.007393439273090774,0.007981455854530362,-0.014100369499844057,0.0056812084942676755,0.005774716231921939,-0.00042542833770486954,0.02974132655308437
212,2019-11-05,-0.0014369783117489376,-0.0016346467664720699,0.0014189407715701208,0.0014590189452696745,0.002173225419731084,-0.013549050674463214,-0.002054130188526848,-0.0006222231962124125,0.010972236023017112,0.01981286906516133
213,2019-11-06,0.0004276026491734086,-0.003296920048778351,-0.000332848752883419,0.004140507614440958,0.0015493802197505957,0.00724883768621809,-0.014254976219151283,-0.0027690228795130833,0.005384392948371897,-0.021890863724274623
214,2019-11-07,0.011541200697545273,-0.004215398090435696,0.012339048186067458,0.003588743247934456,0.0054136333470198306,-0.009658786315155599,-0.0058992387004317415,0.0013882436384413666,0.006108798030684204,0.02126166183605971
215,2019-11-08,0.002736862562554121,-0.0012974492684962868,0.001576348115486459,0.011945581379525283,0.0029232811224459976,-0.001530000880691218,0.0022056669107806126,0.01178416040251884,-0.006570575959363167,-0.018990391851430255
216,2019-11-11,0.007918931072358637,-0.007968083918385438,-0.008189609679535637,-0.007669167918209152,-0.0035283722243426574,-0.007086707547622861,-0.006445219781897826,0.0010277956606692396,-0.003349048000152788,-0.006076136967162249
217,2019-11-12,-0.0009154648926636977,0.003584284648149527,-0.0008240642888647232,-0.004773229344330776,-0.005849672749934531,-0.0025076203987104417,0.025631563259736367,0.006570275633665412,0.0006720182428419097,-0.013790229135553944
218,2019-11-13,0.009581741294857782,-0.013998865975055064,-0.0007941451482902373,-0.0006090524024537913,-0.005264966436076435,0.013536744171988246,-0.006581999201300093,0.0016320395373143892,0.015614510054983821,-0.008216844414024704
219,2019-11-14,-0.006919548106357087,0.0008499299602007238,0.01000639524311664,-0.0023616991946817656,0.0009341708446730657,0.004197936178908845,-0.00020712739536821179,0.005091114078785264,-0.002727752632094238,-0.004360453325494618
220,2019-11-15,0.011879539905982117,-0.00861165809356279,0.018630404605963546,0.0303910326034591,0.00723174191897713,0.0007598373840169703,0.0100958501048789,0.012900245401358035,-0.014753343512160955,0.010072935716280318
221,2019-11-18,0.00504228041267174,0.007496454800304697,-0.010273368891563384,-0.0008151757950657368,0.008414955945366787,0.006835110563938818,0.01178881577889479,0.002467268069096029,0.011609156567759182,-0.009683635400475898
222,2019-11-19,-0.003032775278508981,0.00014836251405148104,-0.005493192521098478,-7.432764507575573e-05,-0.00030624222695507797,0.0009432246810663347,0.00972649349587007,0.00033250974550269596,-0.0029934445888044614,-0.010215722936668281
223,2019-11-20,-0.011641293481543635,-0.004142042998724227,-0.008174479220082853,0.008307477801612784,-0.007275150321134238,0.002637103161631904,-0.009080910506001683,-0.0017348595540755962,-0.006339327637944092,0.0030963782421766783
224,2019-11-21,-0.004483502776980619,-0.006198694786181735,-0.001321211122801369,0.003678167011907485,0.002314112192932649,-0.004885108055188381,0.0021264903184776696,-0.0009357371831619776,0.0061278757265665895,0.02410694095655397
225,2019-11-22,-0.0008781377994443451,0.0063469584412145785,-0.0049763612781015265,0.011946641911500189,0.006619139295732879,0.0013215394327041885,0.0044965482797574285,0.0007358645104151851,-0.00417164068672593,-0.004305929805777597
226,2019-11-25,0.017534183109169765,0.016107946060534006,0.009252679873545278,0.0004376198934799014,0.005351890333643139,0.0035828152234866906,0.0048787120954993934,0.010963522402652304,-0.0036862962132553356,-0.006631022113012808
227,2019-11-26,-0.0078087515907068195,0.013022581087476892,0.005636951478948493,-7.281648194445989e-05,0.0013690066299874015,0.012777357557814728,-0.004104149440641303,0.005289976268757712,0.0022703237933496823,-0.0024671360223358363
228,2019-11-27,0.013432010223282775,0.01200372676735717,-0.0006626171443837592,0.004228032812171989,0.0029620683368700718,0.0009274821496148,0.015228354990316717,0.001907389223521072,-0.0036078417185383405,-0.0005818471369548606
229,2019-11-29,-0.002202537236870472,-0.009738720787676458,-0.006127556592839367,-0.001887372574334023,-0.0022718749262271576,-0.0028012511088088,-0.00178215867995557,-0.006171166488783131,0.0027788490827835854,-0.008296831935424964
230,2019-12-02,-0.011562702143589565,-0.01066191775556835,-0.011678626307671025,-0.0009454707427166698,-0.002200822273116132,0.006554469599914237,-0.00962119192772004,-0.012088696549477973,0.001595136554425114,0.004256327837779628
231,2019-12-03,-0.017829765259566033,-0.006533461163659049,0.004562257264517422,-0.0014558757331853966,-0.012854716818339162,0.0009302186542126112,-0.004406561897555394,-0.0016045944521615452,-0.005113541964304247,-0.007892453045239889
232,2019-12-04,0.008826426482402283,-0.005237417464897476,0.01869100575926863,0.01618549034051231,0.01972565999131981,0.009107825163673366,-0.0005532001919493768,0.0036165175300881813,0.00016847555187360364,0.01134375235915508
233,2019-12-05,0.014670821149165736,-0.011478432267733929,0.006080638062818222,0.001291506748534843,0.005440511069446652,-0.0018418472596047897,0.003271043226434678,0.0005335789831795168,0.004231773171043951,-0.0034961026924735794
234,2019-12-06,0.019316402472284055,0.006389039145533015,0.00936721963557896,0.005875370773140709,0.014880567738029038,0.004244142300607656,0.00847716894307915,0.01213921648906835,0.009438301787144221,0.01607942808197249
235,2019-12-09,-0.014000502502398815,-0.0011931926776630464,0.002688071072957543,0.0008549790676646296,-0.004665257839074233,-0.00643153299901178,0.0014423922737891726,-0.0025700621355748687,-0.0035060094834050703,0.0021582492779375073
236,2019-12-10,0.005844824486888056,-0.005887355634324631,-7.45766571855766e-05,-0.003630088401200271,0.0006694636270945242,-0.005548281078067929,-0.0023344296794208796,-0.0015194275595511453,-0.0018432810674825495,-0.008613603887261956
237,2019-12-11,0.008529441444364183,0.005467935101741261,0.0010126455241159515,0.007071914664784629,-0.0023790605370047624,0.0033475932706377165,0.006919918779418888,0.0037714163178501625,-0.0011749822830938728,-0.0014478411320005824
238,2019-12-12,0.0025483077966810264,0.00663920342821922,0.0031543488434455647,0.0025536991149075483,0.028618365547168345,0.0035219666117942694,-0.027242037393268026,0.010151657431226813,0.00638632321605348,0.020011708708464138
239,2019-12-13,0.01359338874580418,0.00034646559584494696,-0.0012013660661661651,0.0002828859584738108,-0.008767257665654116,0.0051715795008928644,-0.013418129548586344,0.008418091133428174,0.004425313124507557,-0.015780551407197474
240,2019-12-16,0.017117312873246693,0.0046964185941400505,0.010268328533511673,0.0028998690280204187,0.003874301388705481,0.0,0.019628048838941092,0.0064713912078722124,0.0020785243597432057,0.01112254484470987
241,2019-12-17,0.0019655546166330584,0.012123992912275838,-0.004270053342312341,0.012483310786443491,0.006116151080850729,0.0,0.0023746902556813776,-0.005401078662269909,0.006138991530365789,-0.004571714688008766
242,2019-12-18,-0.002389141444126386,-0.00370251419034362,-0.0021993682025567285,-0.0025771958492364355,-0.0010133701582814014,-0.009371432081509812,0.020716795094993135,-0.0020685783818460424,-0.011708257762967689,0.0027270542833217615
243,2019-12-19,0.001000848447038738,0.004624344595139496,0.003350763509543553,0.0150846952429875,-0.0049981132300336295,0.007605256696148421,0.01758028182127691,0.008680453568098212,0.001835383707531335,-0.006870113264500488
244,2019-12-20,-0.002071468430027701,-0.0032249589345579865,-0.003848380827509601,0.004884744373416128,-0.0008013143434605352,0.011966202236127765,0.0011646218553811316,0.010917838925178946,0.001748572776573809,0.007926167987585053
245,2019-12-23,0.016318458900308253,0.0036384504756830083,-0.000436309066677798,0.002601784368478466,-0.0002915364234428175,-0.001091336819989186,-0.0005815962722973689,0.0,-0.010474161035427976,0.005004154955351003
246,2019-12-24,0.0009507309405805131,-0.00211376350409187,-0.004590876818401535,-0.0034826568500911925,0.002769939963876533,-0.0036425205646979375,-0.005141194131245697,-0.00019073803134206369,0.004032053039424666,-0.003841132703216399
247,2019-12-26,0.01984050328520648,0.04446651549531899,0.013418464908114824,-0.0006852506578705064,0.010612005609668351,0.0056662562335063615,0.013016796877870052,0.008196852181143077,8.374208065653477e-05,0.0015710286690813202
248,2019-12-27,-0.00037981066672987396,0.0005511476895359024,-0.005746797413562876,-0.0005485390764816689,0.0007194054135502004,0.0059978629471575395,0.0014919669948096903,0.001827670488593336,0.0005859366639218155,-0.003422394695255626
249,2019-12-30,0.005935226577233665,-0.012252649580489328,-0.01102135651168945,-0.00308756065574467,-0.0036652521890000456,-0.0014455428497639478,-0.017731867005344126,-0.008618478750445191,-0.0015890955219728387,-0.005866036805526109
250,2019-12-31,0.0073061820646938,0.0005143848474418178,-0.00023909178196068748,0.003923026901086146,0.005553999865331338,0.0014476354688650606,0.004109342624801782,0.0006976881338129903,-0.004690114451919469,0.0043177039077604285
251,2020-01-02,0.02281669258464225,0.02715061035487687,0.02186823122005821,0.0006858437297247999,0.012123717852336124,-0.006504233774701218,0.022070533999553943,0.018516496542028582,0.0008418270324237476,0.01605028818361043
252,2020-01-03,-0.009721928482105957,-0.012139034655920922,-0.005231191154298376,-0.011577819523824195,-0.013196565101257107,-0.005455371962446054,-0.005291144925117064,-0.012451947250731954,-0.00882844415235573,-0.008039313711781237
253,2020-01-06,0.007968141904434844,0.01488557393050649,0.026654078690669714,-0.0012478965701632205,-0.0007952054484204885,-0.00036597909031022,0.018833560470121524,0.0025848714697922492,-0.002035311188368527,0.007678110765320101
254,2020-01-07,-0.004703185698346046,0.0020916204156393725,-0.0019317389855326716,0.006107127014894687,-0.017000467728956026,-0.007682462820308822,0.00216362771888412,-0.009117768004910265,-0.009264872969553584,-0.008184252569651163
255,2020-01-08,0.0160862296668145,-0.007808640261289357,0.007117851753051463,-0.00013804835701158868,0.007800917553267395,0.001843290674717668,0.010138022796837287,0.01592835577283691,-0.0034317824702774224,-0.015080202972110213
256,2020-01-09,0.02124086974041206,0.0047991747864684076,0.010497788688641485,0.0029663195686884247,0.00365124767889502,0.018215494860082115,0.014310995042885022,0.012492972093223642,0.01033058561506528,0.007655731934393506
257,2020-01-10,0.0022607850342715174,-0.009410596802031268,0.00645871435565315,-0.002269750829577033,-0.009967999264048788,0.00343333652880351,-0.0010993923683881857,-0.004627294828688733,-0.00835047452161064,-0.008887671854578505
258,2020-01-13,0.021364401557490753,0.004322578245699482,0.007747037973244275,0.004411731196023894,0.008304205638088202,0.010804974329143624,0.017655619644912912,0.012024499453404669,-0.0042963903522988955,0.009545851782822634
259,2020-01-14,-0.013503247297912635,-0.011558211718052602,-0.006555540847611341,0.005628337628208913,0.011662131331203307,-0.0023161488475026415,-0.012843094206899885,-0.00704311356995968,0.002589129682843083,-0.008596109965484877
260,2020-01-15,-0.004285547124417977,-0.003969126548924895,0.006018500943307803,0.0033440952334262697,-0.014985566064234956,0.012499978357050301,0.009540783789878216,0.006476217309691945,-0.007746363521630939,-0.0015896449089167763
261,2020-01-16,0.012526489506770044,0.00854991102959346,0.00761548431925374,0.008094650157971728,0.00387642882376249,0.0021166474447751327,0.002803531130766812,0.018323654089984043,0.005377863630385393,-0.003907921253202051
262,2020-01-17,0.0110712343686874,-0.00703966144232826,0.02024588724748333,0.006545278654275233,0.00692192591344809,0.00211160789523257,0.001668359597335911,0.005596710020861817,-0.008110587983982342,-0.00377808933781254
263,2020-01-21,-0.006777183881445881,0.014629525206926841,0.0018453315586428598,0.0006703059574437731,-0.009841101698376487,0.004039571698525757,-0.0031512354159566325,-0.0035908463300532434,0.005480218144942928,-0.014293904432353677
264,2020-01-22,0.0035696296739162747,-0.0023995494624704516,0.0010929533467725072,-0.006833502070041075,-0.001169287592543311,0.007696292985055475,-0.0005417627477795062,-0.0048051137942269895,0.0044126602779499535,-0.00577074256642629
265,2020-01-23,0.004815965790324617,-0.0015259112256781338,0.0005525156309358348,0.0018890068365398083,-0.0010242335196921637,0.0038189165160806837,-0.007048609487369961,0.006155979342940876,-0.0024980204254899663,-0.006251199242090277
266,2020-01-24,-0.0028824521098324007,-0.012172426638861644,-0.012474009888806648,-0.0014139463519640127,-0.02482765928357933,-0.00259400969787571,-0.008281775901289645,-0.010076844136579277,-0.012434101256760699,-0.006739308246927256
267,2020-01-27,-0.02940520512261402,-0.01788746376771211,-0.023489791684658257,0.002899121802177218,-0.008411978799976683,-0.003467514683385353,-0.014086450013350515,-0.016722978264949506,0.013027746139144147,-0.023824086831062408
268,2020-01-28,0.028289592506156147,0.01362436592451366,0.013110151426955596,0.005042069954325212,0.018177883175315657,-0.008176427037136391,0.013589534840029227,0.019595504199391156,0.006387074760472622,-0.0013899843383812227
269,2020-01-29,0.020932110391534975,0.0025630978623367717,0.004274255349050682,0.0069564991326698244,-0.0014877285404982787,0.0,0.024978200387531402,0.015592947894227827,-0.006089256946266053,-0.008352691702793624
270,2020-01-30,-0.0014490148572570138,0.006824489189870775,-0.0016819151505754748,-0.0011955222717372482,0.012366780432676805,0.032450198272302,-0.06137152704222304,0.028207492116951283,0.005953955104245345,0.0106065446846626
271,2020-01-31,-0.04433868217730763,0.07379135586484753,-0.014763477143698633,-0.009909485354791636,-0.025976870783563477,-0.007815053691576868,-0.03636710863152215,-0.014758380118855774,-0.017927625417057835,-0.041209863027429794
272,2020-02-03,-0.0027461644197305235,-0.0022501685803328897,0.034771457259754834,0.008732207366531908,0.007630782465657848,0.0030821929180007146,0.011292034947978813,0.024378725524973888,-0.0019215790824073098,-0.02237608743663566
273,2020-02-04,0.03301354694034875,0.022687342140775613,-0.025084261034874933,0.009522374353621688,0.014395908161425996,0.004438245141043851,0.027621407483280125,0.032916308081849754,0.008751117709986378,-0.012514462787995284
274,2020-02-05,0.008154398440768817,-0.004781236737139594,0.000442576309288345,0.015765509165997837,0.017000489909002603,0.00017004404588072397,0.0013343255880493565,-0.0012211961229705581,0.013360035361169587,0.046023006130687216
275,2020-02-06,0.011697024047235827,0.0050787328892443195,0.020691024335397268,-0.002987330646870512,0.00014558576478407304,0.0023788781417495297,0.0035221091930701665,0.02073369772266953,-0.004280573775719443,-0.013549991272837625
276,2020-02-07,-0.013592803525946051,0.014169136390608683,0.0021273499717415767,-0.010682052996411673,-0.003197564070725689,0.003390354521222827,0.007019057343137014,0.001416003692503942,0.0012034643293044045,-0.006625932567355108
277,2020-02-10,0.0047495553982424,0.026273579599096486,0.019978292153086663,-0.00019717386125073233,0.004155709364886739,0.00946124442170837,0.0034380613358138135,0.02615688102267799,-0.010304540095066206,-0.010560974709870385
278,2020-02-11,-0.006033221604825112,0.007915025985726132,0.0009280951146055649,0.0008563027680883462,0.0018876026358116693,-0.002677876646433597,-0.027550857930973116,-0.02257562382001166,0.0013015869269177305,0.009506140985095168
279,2020-02-12,0.023747862860290736,0.004277469597884664,0.00567517265044204,-0.005921835900571493,0.0,-0.0030207196605412934,0.0172304273879329,0.001463930398550195,0.0038994687310425213,0.012225565004537087
280,2020-02-13,-0.007121217414162606,-0.00468981707537619,-0.003450644018571314,-0.006618600345312475,-0.0008696101740724993,0.0033666194924928394,0.011292597975398166,-0.005413935311129436,0.013724546736651355,-0.005549129342724557
281,2020-02-14,0.0002462881824436547,-0.006977166077050345,0.003528466938095054,0.0002664546807114032,-0.0030462191891831303,0.005703639254441173,0.004879296134565614,0.008927206155702194,0.0038314143676019263,-0.0045954729431977315
282,2020-02-18,-0.01831033104291846,0.009742990607446878,0.00046770727906308984,-0.006594145861287037,-0.013240397973406481,-0.007005917823293406,0.016901738941751843,0.010142973368448827,0.014759605064101455,-0.01269587361427793
283,2020-02-19,0.014482339005689182,0.006749650094826309,0.003573650368320802,-0.0013410641138245083,0.013639110443989688,0.004031427419104672,-0.0014233262254106371,0.002999252832204702,-0.016300078411197405,0.007682132813873643
284,2020-02-20,-0.010258781930634342,-0.007888626914309249,-0.005167649198352997,-0.003826845105630583,0.0,-0.0008362187063013504,-0.013379938203034514,-0.015271266459085941,8.5256391631372e-05,-0.007955066660001897
285,2020-02-21,-0.022635095769667823,-0.026533823330561868,-0.022102987033494337,0.010513850093893495,-0.012218982805693779,0.006865360795395015,-0.020505235459320925,-0.03161249378740727,0.0075619365632007,-0.012194946678547813
286,2020-02-24,-0.04750012986141894,-0.04135555023463999,-0.04287271411103766,-0.02060686530894218,-0.026875868554641302,-0.02461347299025607,-0.04500902641913218,-0.043115532057658945,-0.019058774006840307,-0.04684593477936849
287,2020-02-25,-0.0338726861149371,-0.018190498951138112,-0.023621945714546344,-0.008635468251120049,-0.044642671051596694,-0.014151583214374819,-0.01967911332857286,-0.016501775496781446,-0.01659193893102251,-0.03832490539761224
288,2020-02-26,0.015864017757019955,0.003472315416060967,0.0029933703721254368,-0.006705779659950117,0.0030093415334409013,-0.003805125752175287,0.0021852881440869165,0.012494650133548335,-0.005332760828447691,-0.02195572420556091
289,2020-02-27,-0.0653682320674468,-0.048136265467272676,-0.054312701001096975,-0.03173712288478581,-0.04161371917025869,-0.04635422904044617,-0.03777901859695065,-0.07045918633198434,-0.029706454920842118,-0.06017770994072058
290,2020-02-28,-0.0005848206374960974,-0.0002918467224900523,0.018479904209821152,-0.03335236761467075,-0.04333868665464846,-0.026215113227663345,0.01433482023567123,0.024212996376327123,-0.024637642335117116,0.03251717036552737
291,2020-03-02,0.0931003801479402,0.03726611425327642,0.035146735850196675,0.041195549309776425,0.04659372865878786,0.04542911688585893,0.020626504784188038,0.06653928399649356,0.07615115594791622,0.047433888227617516
292,2020-03-03,-0.03175910462889342,-0.023009811402324054,-0.035057046938528846,-0.031638268366945055,-0.037524629121401754,0.0025035225266247796,-0.053705792784364714,-0.047919387255081936,-0.025629723979801233,-0.04788405434374743
293,2020-03-04,0.0463847712476364,0.03501322901563819,0.03280212103093061,0.05819005231326946,0.024709168207831977,0.0510165993831484,0.03157756883875762,0.03671502792235648,0.034186397168652904,0.02183223539848056
294,2020-03-05,-0.03243704353906218,-0.026216794314283476,-0.04837870558355284,-0.0102452759693471,-0.04906131552970072,-0.036998900249994526,-0.03436576258433799,-0.02509544831888888,-0.007279116734103086,-0.044066948181037624
295,2020-03-06,-0.013280416191067457,-0.011922924014239333,-0.014466555422676497,0.00014074146415721245,-0.051680232577489216,-0.026084276132612327,-0.022033814831907916,-0.02826723180069135,0.01130091050602089,-0.04829407381491524
296,2020-03-09,-0.07909169327523802,-0.05285383245165354,-0.0617021041653012,-0.039357783197414675,-0.1354550686166136,-0.061527082845242,-0.06400124122054718,-0.06777246095983092,-0.0005968501385624769,-0.12224775330706972
297,2020-03-10,0.07202121164058894,0.05065506668458686,0.04884076058329745,0.03811209851549413,0.07769678439439787,0.03470875376869387,0.05126839310863973,0.0683841481720533,0.02244749039564642,0.037028331858310004
298,2020-03-11,-0.0347304347575903,-0.03750889642974897,-0.050401214895280155,-0.06947199204131926,-0.04707052781152887,-0.02702201550062089,-0.044615175095530035,-0.04530201191542982,-0.04474499826240297,-0.03294188734066261
299,2020-03-12,-0.09875454202785838,-0.07922082514747941,-0.0820464830142873,-0.04848257636445308,-0.08243025522099412,-0.09672490988751048,-0.09263396073289754,-0.09483850905829416,-0.09071055675852047,-0.11434005517834667
300,2020-03-13,0.11980784941377598,0.06464833687376514,0.09241156967473563,0.07080755968869235,0.18012509894033202,0.03679181959306299,0.10234960883657696,0.14216859314268193,0.09658849002761527,0.02528253990718743
301,2020-03-16,-0.1286468083926957,-0.053697516604298,-0.11634146256481148,-0.05331719806766533,-0.1496486438378738,-0.06622666706201352,-0.14252988645099385,-0.14738977996092706,-0.06432946358683711,-0.09522564543816447
302,2020-03-17,0.043970151816240755,0.07026613247879654,0.04199440236179042,0.07441191265170244,0.061113313711283146,0.04242138389266681,0.02335449632799458,0.08233631629853888,0.11708477215928337,0.06726574102004834
303,2020-03-18,-0.024479920551191747,0.012257741060410998,-0.024032597179581394,-0.011933545839936222,-0.10526847082740909,-0.04938537130146914,-0.016463430950974356,-0.04209619554525845,0.027838570964588083,-0.10024457203562653
304,2020-03-19,-0.007662052990372925,0.027830613766863133,0.01876842544490187,-0.05861011826819018,0.016807409328449596,-0.06733509222980794,0.04198424914393084,0.01645338145660613,-0.02122274712169192,0.039553264923985365
305,2020-03-20,-0.06348558920544523,-0.018522798541689034,-0.039094440478288583,-0.05635557459575535,-0.02110171431378638,-0.08438972445310466,-0.02220331275631726,-0.037558732478183865,-0.04587692037909541,-0.049085156618188464
306,2020-03-23,-0.021244274027939714,0.030735291504301987,-0.01318088758338154,-0.07298352572686462,-0.053533324212030275,-0.01932077221424533,-0.01088616713883439,-0.009974548743681866,0.0027202308915061923,-0.039401462960849565
307,2020-03-24,0.10032550484563152,0.019586561347294085,0.07198348968586998,0.07234104809559572,0.1189421674523663,0.05031956892163758,0.08696802075945631,0.09089569914384521,0.006562851961854355,0.12686822345791904
308,2020-03-25,-0.005508847184918064,-0.027967604900146936,-0.025123665277839713,0.0018460823275643357,0.037318066701403696,0.05475253691085791,-0.029630853130240165,-0.009572670156648533,-0.04894366531847294,0.05220064142783776
309,2020-03-26,0.05262307744343486,0.03693312450375408,0.05564538609317138,0.06005024200911202,0.06966082549812969,0.06440775249189756,0.04564344887035099,0.0625511754961583,0.003838672633746043,0.04103006474859039
310,2020-03-27,-0.041402358686048024,-0.028325389436650084,-0.04528254934388731,-0.026941548770478385,-0.07123949718861944,-0.03341607934771296,-0.04010046228808739,-0.041061067076339275,-0.0021853169597656485,-0.04817100260429419
311,2020-03-30,0.028538028570401774,0.03360354691971379,0.032469784234320676,0.07997713540670337,0.026006969058241625,0.051156149550236396,0.05842234423827253,0.07034069673800092,0.05119594001587058,0.014884587422939966
312,2020-03-31,-0.0020405995986088055,-0.007245622950859176,0.013643832862326066,-0.01413437102523818,-0.037112520403449034,-0.016666563259880918,0.00512194493605711,-0.015727216859268478,-0.013630096267260083,0.012533735425166004
313,2020-04-01,-0.05261716867318411,-0.02155179126735396,-0.05150827523583479,-0.01769215953441139,-0.06297878120159273,-0.04813588529416024,-0.043165455023372545,-0.03550797958104013,0.004576442099199607,-0.011588053815962063
314,2020-04-02,0.01668666741636704,0.005834205106051371,0.013546839289533263,0.03369303628214104,0.03734009036954267,0.043447376030550044,-0.008834754402152867,0.02070824734070098,0.03951294234664515,0.07647197785190252
315,2020-04-03,-0.014371289212099736,-0.0063788821910731874,-0.02178096755360026,0.00766051918585986,-0.029557867821864092,-0.0027302796732412427,-0.025349159512895403,-0.00921005747090764,0.006995366264862746,-0.029455460453825966
316,2020-04-06,0.08723728181752777,0.04772922477644714,0.08281328736400573,0.04166351698340609,0.06436633361915312,0.06479582076036006,0.07374514047149394,0.0743677708297894,0.055156158072809935,0.03213459374110017
317,2020-04-07,-0.011582398469201949,0.007013456003121421,-0.0005324687964508579,-0.016313609823507713,0.013190325981905726,-0.0034283040001522602,0.01981261881087315,-0.010770303505793999,-0.032363293849413166,0.019026497730382452
318,2020-04-08,0.025594772699168766,0.015609461784076739,0.020667023005864982,0.042042335521805585,0.04037960128749263,0.028165855281091723,0.03228098071002128,0.01003109034731331,-0.0012294508473250643,0.06328793201858818
319,2020-04-09,0.007216246856212916,-0.00011748445832981957,-0.00035626183064918493,-0.014169905079209011,0.08971371402112682,0.024675815797732703,0.0052214475992045095,6.0603991244523314e-05,-0.0003284406786780991,-0.01641940168417988
320,2020-04-13,0.01962756568629387,0.0617350661426328,0.003182571095899478,-0.010337641381386597,-0.04447278131239618,-0.04224488938084092,-0.002283386005473731,0.002240752712374894,0.02873581215303367,-0.008578869397954048
321,2020-04-14,0.05050292150333924,0.052769449861283624,0.045290522373129694,0.04478769463974275,-0.02739592723706974,0.04240382523206221,0.019337590651004932,0.04948333140842287,0.029529094557373403,-0.0077174081515080095
322,2020-04-15,-0.009127174792079695,0.010668695718768717,-0.006267690940560344,0.011162418917089356,-0.049319257689225515,-0.02677838141482347,-0.006735067493092717,-0.010477962358052983,-0.0018603989095136164,-0.0459582628324231
323,2020-04-16,0.0079459290060655,0.043554542393708484,0.00010339809582315951,0.013612122581700525,-0.03810977215574707,-0.010712306005347783,-0.004068528624561196,0.03002085969611379,0.027725942064504405,-0.03285547199189509
324,2020-04-17,-0.01356890060846383,-0.013782136130354505,0.017153989423284832,0.01570104134029382,0.0898890354096753,0.020382423339976752,0.01696463792476277,0.008811585944833222,-0.0015870378141989994,0.10395914655706329
325,2020-04-20,-0.020756809722135672,0.007835757606907912,-0.013956236265680988,-0.0023021919911544453,-0.03645757472201194,-0.03183534456560633,-0.0055791363329478205,-0.01982083753057995,-0.01718152792272165,-0.04720039172793011
326,2020-04-21,-0.03091016683237402,-0.02736033095931456,-0.038845432620887244,-0.013120755306974319,-0.029004279387014997,-0.024715131292064818,-0.041741359907777165,-0.041357130430250466,-0.00492878124464502,-0.005342501810127187
327,2020-04-22,0.028803267248928455,0.015192527091639096,0.038155042846755194,0.022114053609775697,0.003256328521210161,0.0066107600346756445,0.06721309069470172,0.03396480989896644,0.01841991423783318,0.02856428297799085
328,2020-04-23,-0.003875257556643641,0.015214823484082762,0.01013972409724917,0.0164713212515728,0.0005601691052381508,-0.013353821717988379,0.01563526121228853,-0.012102215909900904,-0.02325399814402318,0.03133196529598559
329,2020-04-24,0.02886982054708298,0.004488511186874211,0.004271614093179776,-0.0041795978390402055,0.014766426069127592,0.007987599083336239,0.026683865235457294,0.01825913767459708,0.007079939764690124,0.006444123493065446
330,2020-04-27,0.0007066682794429902,-0.01419786171076054,-0.004496282092079307,-0.003680888223756451,0.0431043257649355,0.029715884109764668,-0.013521246962948208,-0.0028646431274746975,-0.008807264495897416,0.004802089800669096
331,2020-04-28,-0.016209555976429812,-0.0260606110425593,-0.030113363877727783,-0.018795379142276802,0.007080919040150846,-0.0008550363588581966,-0.02448007852810974,-0.024360537055934772,-0.00233854999442229,0.023441042228846243
332,2020-04-29,0.03284525344518974,0.02533616474965794,0.0889102493532572,-0.007596434485774184,0.026970495471664968,0.008130433194517783,0.0616696708795712,0.044873726220408194,-0.034374665744972055,0.055370324149029315
333,2020-04-30,0.021096247679429192,0.042689574239964,0.0033677185265899023,-0.0013314588366067914,-0.021459206691461175,-0.026103589483964185,0.05417394617379134,0.010031808238708528,-0.016585938454907412,-0.020859650650069783
334,2020-05-01,-0.016099392558282744,-0.07597409237648922,-0.021816240959071087,-0.011663647359882234,-0.026211334025982413,-0.006319759924326096,-0.011919393098375086,-0.02589121034228592,0.01127151444544805,-0.07165913096492071
335,2020-05-04,0.014148723751933323,0.013101236487597756,0.00423571791202515,-0.0001345986253171727,-0.011903599116733887,-0.01008761685584858,0.014782077545444583,0.02446004015083103,0.006345540782445536,0.04033370679572856
336,2020-05-05,0.015009008032858207,0.0007815221854263754,0.019744521519501346,0.008295483023988748,-0.001519529062399938,0.005759909343735714,0.008818119367114186,0.010735950690812457,0.008326588266204471,-0.0011141744003357879
337,2020-05-06,0.010317341907897015,0.014436139090531874,-0.0026611268151122136,-0.009498046371398061,-0.018804225442015543,-0.014317306969150678,0.006760999026058423,0.009847267381080105,-0.011464740899106762,-0.018737267876186348
338,2020-05-07,0.01034473957814197,0.006953694859791026,0.017726662101841262,-0.003309166493558946,0.010413154646708778,-0.0033519145096106984,0.013383313993674983,0.005806922723435193,-0.007087134084735824,0.005683125797645738
339,2020-05-08,0.023801910356851863,0.005068389389295991,0.010998573732544425,0.007521059093852367,0.016336074305128845,0.03385672504627557,0.005159371182164696,0.005882149137166337,0.00861425877705857,0.04385189041058091
340,2020-05-11,0.015735244901573076,0.012350743942999287,0.013905245840678981,0.0027571846727547644,-0.0294500781497834,-0.012362126048640065,0.0039087618097322085,0.011155009912674707,0.00593791355338813,-0.009528223553707083
341,2020-05-12,-0.011428503452342698,-0.021606420523622827,-0.0202407871042094,-0.013211736837824617,-0.03267747434847923,-0.015809925506289235,-0.01444786975095258,-0.02265244863612459,0.0008892751872118243,-0.01671497076329076
342,2020-05-13,-0.012073811639639831,0.004654320575239401,-0.019524634046663047,-6.813190115295686e-05,-0.034470710428387896,-0.019634420384390117,-0.023798295156977733,-0.015122418467414578,-0.0005653087498143083,-0.04963729114365811
343,2020-05-14,0.006143132101752213,0.008838926123896362,0.006326233896874811,0.0034665616386722053,0.04153279085930772,-0.005461802744901156,0.008337399159451753,0.0043395038189939505,-0.0023443036800148143,0.008824473168138836
344,2020-05-15,-0.0059120292409124975,0.008761547889003296,0.011939327110327413,0.018964714499152935,-0.018509983219257453,-0.010068400816825585,0.019679926341282572,0.014568341034802756,0.02041839207730578,-0.00709243551651173
345,2020-05-18,0.02356136486324001,0.006838841203809398,0.008827052671550595,0.0005316596929316741,0.052968682998591365,0.03952827696329164,0.010954068448762122,0.009554496799980772,0.013657057487028723,0.07952353336467444
346,2020-05-19,-0.005778496884944695,0.009508426590011165,-0.007782416219822008,-0.009965060631491163,-0.01967965250065562,-0.009562076654778484,0.017308585814830968,-0.006922290933939368,-0.021228225222198804,-0.030877740622823002
347,2020-05-20,0.019447888413979264,0.019846275173532213,0.02529094917933561,-0.008992456170329066,0.0299990726030821,0.030310080403090245,0.060355843391695085,0.01387049192173162,0.004001579565670932,0.03254452671044272
348,2020-05-21,-0.007455088801435861,-0.02049693045417056,-0.0017100524839704923,-0.0065678897627364785,-0.012701317049653715,-0.015689836559755754,0.006174818419359296,-0.0120111181142174,-0.0036669538242857236,-0.017853224342411433
349,2020-05-22,0.006438328078045563,-0.004029821100215103,0.004613447174859564,-0.009128756215576295,-0.007763337601746523,-0.003099242536855562,0.015212377793876186,0.00043621082562617097,-0.005280391594323586,0.0008979973063383273
350,2020-05-26,-0.00677357139944057,-0.0061636144559754635,0.005752627753285555,0.0013162822047969591,0.07097376445604331,0.02353969094385122,-0.011536288582989829,-0.010571950823507259,-0.003780274680526663,0.029371666611291314
351,2020-05-27,0.0043571773921500245,-0.004736042347035618,-0.0007667718903416887,0.002282953728530046,0.05792109640052345,0.013885883497766205,-0.013178381493679225,0.0013222148594294048,-0.011141282936276586,0.007188198682683611
352,2020-05-28,0.0004396184416817217,-0.003854151605534595,-0.001436363258217832,0.014355884855801415,-0.014895917448528362,0.007703951224404815,-0.016060009700677003,-0.0022551145592909494,0.009879085950501798,-0.025951581878164043
353,2020-05-29,-0.0009737410505815669,0.017187950901155657,0.010774009512292126,0.012111391756741696,-0.02553597970956012,-0.00870674027353846,-0.0016411225196182322,0.010198283122255125,0.00299120529042618,0.009547405460400782
354,2020-06-01,0.012297972909932842,0.011738616181262485,0.0009414333376227546,-0.010487725092187539,0.013256707669590195,0.006640602747016722,0.030299104910506358,-0.0022917663200825444,-0.0008059177876116319,0.01781363105631084
355,2020-06-02,0.004629424436210838,0.0005543957444538172,0.005185451015329523,0.00720142517412703,0.0033468737280384353,-0.0019150637427617356,0.003492679166749113,0.01137668418900506,-0.00016175262007311897,0.022255855290396198
356,2020-06-03,0.005505050873950923,0.002422733405640143,-0.002121742651422065,0.002698037526023711,0.053977418005422884,0.02132208979979966,-0.011000421336880284,0.002433450879377519,-0.003792070843340545,0.04079489977409745
357,2020-06-04,-0.008612093639713714,-0.0071820481181339435,-0.017335528249750154,-0.01291591384471591,0.02081155622655384,0.0004173784619336818,-0.01681435719957025,-0.013163525695492506,-0.011014481370654527,-0.002843418463824632
358,2020-06-05,0.028480792837962676,0.009103493113018724,0.018185908349566127,0.0038845992003122554,0.045001661024111295,0.02441562262110919,0.019797660402531614,0.023398010061784547,-0.004503888506322107,0.0810593440109848
359,2020-06-08,0.0059124241936614474,0.016536458949464095,0.005569470625716555,-0.0035980541075112393,0.01995884029600914,0.015481691258642849,0.0027299109475260597,0.006196865353765402,-0.0026326254251864967,0.03127338760490228
360,2020-06-09,0.03157810243172543,0.030427139202305886,0.0027897110162402594,-0.005518930993855142,-0.025650021406203982,-0.017051130437337525,0.03141746542770907,0.007644925875412989,0.0009072006758095164,-0.022287195717605623
361,2020-06-10,0.025727522357628985,0.017913292558120908,0.008691144197662704,0.012606365363573513,-0.04052836670314275,-0.00775487709760736,-0.008128386102656981,0.037091649158888185,-0.0015658777681644143,-0.05362486231781349
362,2020-06-11,-0.04801045620504729,-0.03380230045218746,-0.04287573606622341,-0.046887904866062535,-0.08344332730311865,-0.06334872468952835,-0.05195791272388617,-0.05369853983858264,-0.008831243344893491,-0.0882526064523379
363,2020-06-12,0.008633451521583568,-0.005058743377937103,0.007860797306462386,0.009086411045118536,0.027363438424080178,0.010414686916659477,0.0184913099607229,0.007891779415791333,-0.019568924769536977,0.021437763853406233
364,2020-06-15,0.012367258473462206,0.01086830941079775,0.005534631654469324,-0.006331229374695324,0.01381779166647279,0.015351045157013798,0.017149303966333296,0.006391925284960909,0.002888128741351137,-0.0006361020746705748
365,2020-06-16,0.026502401021223587,0.0165547312399128,0.01811029300769551,0.022725587181872786,0.008000235882661189,0.010150719298690714,0.01354832236077752,0.024505004554527865,0.013295780868251006,0.022486338780750348
366,2020-06-17,-0.0013917736971138517,0.009830663019560593,0.004196182040187679,-0.003045797252628879,-0.025279529596813566,-0.004062061826355712,-0.0005091590216133035,0.0034612201419592648,-0.005181518022163489,-0.03257254215068062
367,2020-06-18,0.0003982038373737673,0.004922484646629588,-0.012680943748191509,-0.004235454694448082,-0.005428117582588654,0.008801893707127917,0.0017408502037641327,0.010708482815939835,-0.008737167217452768,0.006218966986440089
368,2020-06-19,-0.005714806516483817,0.007923935918584757,-0.006610448177014949,0.0029286894213256254,-0.011421121689787261,-0.020642541229917155,0.012079258425488293,-0.005959743013009167,0.015763873076337642,-0.020033703237907763
369,2020-06-22,0.026164194223712967,0.014508287231048467,0.01826406451758511,-0.0030593249099252207,-0.010837166521746489,-0.006084121113129282,0.0018007418971606182,0.027773641615422395,0.015269157789519427,0.009568957255996713
370,2020-06-23,0.02134442837395878,0.018641697717608263,0.009182306881072133,-0.0036962922086322125,0.01219644914698681,-0.0021866902547452716,0.01262451423777522,0.006681082592071341,-0.005013240113931339,0.006031994889003522
371,2020-06-24,-0.017651767406204222,-0.010855867894827953,-0.021366389184686807,-0.021279542592612888,-0.033391403779017836,-0.02169131235416244,-0.03393345408120829,-0.02015767666984436,-0.006360037740726132,-0.04710904211642386
372,2020-06-25,0.013275276645882128,0.007380066387785211,0.005862949921378924,-0.0010728853167633057,0.0348617033803007,0.006270902585342908,0.007093432245213194,0.012636543607722706,-0.004904486969625643,0.015056191396427332
373,2020-06-26,-0.030725442807522207,-0.02240276315369638,-0.0545139706255221,-0.01331691180688166,-0.05481839280819678,-0.03026911624203177,-0.08316361896396007,-0.020016124393386292,-0.011611111312027411,-0.03431494543724778
374,2020-06-29,0.02304628857139779,-0.004638148068063508,0.025415905253906024,0.008925324778352728,0.004428215195947827,0.018131490497278024,0.02110342113288577,0.01074730839979976,0.006254028795525279,0.016047586500764766
375,2020-06-30,0.008347485609591754,0.029264486024190406,0.014944332592334408,0.011435673154226667,0.011397764388920706,0.007213847200100654,0.029142609251067375,0.025549112174406252,0.006047372679003349,0.00902561188839246
376,2020-07-01,-0.0018912989114630019,0.043453386195574595,0.016889381882820187,-0.0017777150187352486,-0.008505252458790857,0.003133447547594592,0.04615292612298583,0.005847420178479723,-0.0007515842596900191,-0.02258531720125123
377,2020-07-02,0.0,0.004029609482701257,0.01936897566837903,0.004202861091352261,0.003248493663692953,0.001338682395678914,-0.017385802173218834,0.007620966587039257,-0.004010327536435265,0.008464666215166838
378,2020-07-06,0.026750364382224667,0.05768955229869066,0.02021861000510139,0.014258298201272446,0.02525360747055716,0.007798203987513963,0.029389125963439566,0.021526271970972566,-0.002684212918297346,0.0070330104336921995
379,2020-07-07,-0.0031029239486295435,-0.018619371729473477,-0.006488199794368654,-0.0009092835481161465,-0.02821049461521563,-0.00044204896514610237,0.002413920093331079,-0.01162784509445347,0.06779375697660117,-0.025906869198558446
380,2020-07-08,0.023289951407624132,0.026995584181255694,0.009181873585467848,0.002939919807594338,0.010615055127677575,-0.003096614161173239,0.01129287054464112,0.021992860170257478,-0.019771320813325333,-0.002312448857012761
381,2020-07-09,0.004300365515793159,0.032949191382365184,0.01001594357150326,-0.005444284433307023,-0.021650480158778684,-0.025737401993645048,0.003776888437905468,0.00700070990824786,0.026598856771609336,-0.04126081603289378
382,2020-07-10,0.0017493343699273023,0.005457748808544549,0.013399916888745755,-0.0008418479297873649,0.05466702276508473,0.02823928433525813,0.0023314358718962147,-0.0030328336361782338,0.022935698092366286,0.031188980447999448
383,2020-07-13,-0.0046133558827756715,-0.030000019073486373,-0.017400622069864813,0.01994826323436727,0.014334462265489512,0.002214964249444229,-0.024768489016559037,-0.03088863499032135,-0.008876972112262793,0.0002348120008375254
384,2020-07-14,0.016548676411791252,-0.006443299095769239,0.005706706053617339,0.018662238040546564,0.005734830772951671,0.013701465664290202,0.003054407956787797,0.0061815720658264794,0.01922506114047917,0.0330519509722742
385,2020-07-15,0.00687737804230637,-0.02436122126125273,-0.0026170902844051547,0.002298584433781725,0.015477042669126417,0.011554708580086226,0.0022941743060560515,-0.0014879421559315098,-7.571020718832866e-05,0.012707179613822062
386,2020-07-16,-0.012305020272333156,-0.002981196241378159,-0.001292150187610308,0.006677516918941029,0.0028076558683043373,-0.005388037848233607,0.0027051956884298622,-0.019804036296966476,0.0015150684559241956,-0.007842484492754598
387,2020-07-17,-0.0020205172256576587,-0.01264375276193297,0.0012740186019917221,0.0006700049834584831,-0.018498190382874147,0.014517749135590785,0.0045656233354365305,-0.005099999198743266,-0.0034796292125675032,-0.017163300460813713
388,2020-07-20,0.021074376821936802,0.07929519957328535,0.030978848482758448,0.0016739809455739163,-0.00876122217935682,-0.014950749310327582,0.014006454243449928,0.04298101891034389,-0.0020493981283784546,-0.02343774399283649
389,2020-07-21,-0.013801790229948985,-0.018314900474015072,-0.005064550888554176,0.0009358962578405183,0.021685752820846504,0.023417072795089977,-0.014953934894952337,-0.013468628526711601,0.0065413966840652815,0.05058840331300929
390,2020-07-22,0.0028091827723475404,-0.012229630062539742,0.005739378012557861,0.0018030157425152904,-0.007243064699433921,0.027118691302288056,-0.007776607645118783,0.014371227801138309,0.0024937038138301837,-0.023291964031191492
391,2020-07-23,-0.04551638517026968,-0.036568799201794455,-0.030737656364675847,-0.0026663823162729194,0.002938778439031786,-0.004125551106544889,-0.030308025206509437,-0.04349470977061998,-0.00768851992961006,0.0020635229782959286
392,2020-07-24,-0.00247736270295984,0.007486874288995304,-0.0056305643791285664,-0.009959344784677082,-0.007072503128796925,0.004349985259541889,-0.008125497810542726,-0.006122025284219124,-0.003038986736310312,-0.006178494558700676
393,2020-07-27,0.023700030592365584,0.015387648743417026,0.014069717363198952,-0.0063463000576985396,-0.014041211500223527,-0.0002064454379767655,0.012092920696412657,0.012667381214852336,-0.0002286517623292239,0.01473625602994999
394,2020-07-28,-0.016427210434047046,-0.017962780502695397,-0.016856065368957784,-0.002377846753640056,0.004334481113335231,-0.006188186319038169,-0.01447525083475476,-0.008977156578380052,0.00419171357880832,-0.011799420539515992
395,2020-07-29,0.0191682763696448,0.011065474265779418,0.013207903542032051,-0.001975215331977309,0.02424967166441383,-0.003320897658171673,0.013775320663976798,0.010098012170423942,-0.00812040188662122,0.011022049281379953
396,2020-07-30,0.012100485669470418,0.006049030252796905,0.009753873465937923,0.002047370202508114,-0.026685398496894996,-0.006872108264845078,0.0051867365570661406,-0.0007841433020511213,-0.0043618132877008,-0.04905760506604695
397,2020-07-31,0.10468822252176824,0.036960821567137314,-0.0327750597321651,-0.007354741026957767,-0.003916536513860924,-0.00943609148059188,0.0817484755414768,0.005443816417537883,-0.0055332609279455935,0.005015293974674373
398,2020-08-03,0.02519777187418648,-0.01668096589563972,-0.0034879823117297537,0.010908202925072441,-0.005587844871079439,-0.019898055542993398,-0.006741043219390397,0.05624123743255516,-0.0007726596814076059,0.0040399281940834975
399,2020-08-04,0.006678117483414292,0.008657119256458845,-0.006380009462779723,-0.0008826814541657013,-0.005723147484254287,0.008423191584430167,-0.008453797785005657,-0.015008701473794739,0.0180976420105452,0.028875885963495218
400,2020-08-05,0.003624729740730581,0.021090645909052075,0.003930026625186267,0.00801530797213923,0.017372957825603663,0.011351484102015696,-0.002841916895352292,-0.0016409386749020038,-0.013901799816450566,0.008741555932164413
401,2020-08-06,0.034889187794402865,0.0062308600392182445,0.017483632563080942,-0.005727451841893161,0.00030851443379487087,0.005506182231751033,0.06486830680888356,0.016014033154516216,-0.003543599142972753,-0.0047889465156908395
402,2020-08-07,-0.0227358808239303,-0.017841853651889505,-0.004372115618168526,0.007116439835397781,0.022007736699509506,0.006739428200877251,0.011912102130896107,-0.01788787133864611,0.00479304886467502,-0.004582843105507828
403,2020-08-10,0.014534788325661241,-0.006093187166982039,-0.0010345793463627517,-0.0038360758413155116,0.01267849918436248,-0.0016734120306700628,-0.020265355844208188,-0.019907761949414238,0.014695714399512116,0.024631356485014022
404,2020-08-11,-0.029739692728531275,-0.021437993092404684,-0.010876389176112888,-0.007160499641654217,0.03159772580883646,0.004400366743169792,-0.026121577414069952,-0.023385442347144014,-0.012738513577774446,0.010334988107322474
405,2020-08-12,0.03323402801552344,0.026478049605839216,0.018033986156559045,0.01830284424269113,-0.008476191937846433,0.010432185682817119,0.014680303622261581,0.02856723837164421,0.012979829748335225,-0.00022695337570233232
406,2020-08-13,0.017697688005730905,-0.0003858318082136103,0.006243111963128767,-0.011091588490025672,-0.005537206740959255,-0.0010325696345293567,0.005425000375749889,-0.002342294465345285,0.0038063986812937323,-0.02449502870193143
407,2020-08-14,-0.0008911936768226658,-0.004112558082955964,-0.007925307667649983,0.001621435229629764,0.0003905893307285524,0.00144709171130053,-0.00022964804524316929,0.0009583677261417733,0.005688414578202128,0.004417591380069474
408,2020-08-17,-0.0026107233950359854,0.010924312234330102,0.0077162248494668795,0.00505948534414058,-0.026364728851259178,-0.0049537262761504275,-0.00030611074757191936,0.006605991861903915,0.02262421495568301,-0.012962916139860337
409,2020-08-18,0.008332642517671074,0.04087466955935781,0.02607754387047234,0.00738285429707175,-0.01394024561444318,0.004356018802601502,0.004518282645107341,0.005754383548578712,-0.00656321059053,-0.004925146663157798
410,2020-08-19,0.0012546806572184543,-0.015701145907449088,-0.007179615481222035,0.001998944643204492,0.0023394144243302772,-0.021685349967274115,0.0009528194345620467,-0.006067074496230784,-0.017073566629249748,-0.011077116810530696
411,2020-08-20,0.022189615248653816,0.011314270642265756,0.020484120314624432,0.006848398415522761,-0.011973642052927724,-0.0004223659983785266,0.024448817283647006,0.023271299548492053,-0.013896574630045566,-0.01525273326971055
412,2020-08-21,0.05153256856446342,-0.0038364352508537536,-0.0004312165234987564,0.008849724067525822,-0.0005133760507299856,-0.0014783787703543938,-0.007434472449610929,-0.007269965035355597,0.008118498184447098,-0.007502268509547272
413,2020-08-24,0.011960240661861299,0.006923017605080961,0.006080354339877525,0.002636039427021508,0.028154407000781312,0.01459394716178175,0.016403611503815307,0.003145257058580375,-0.0022790186256802514,0.029505041411109323
414,2020-08-25,-0.008203831089404812,0.011800549645987202,0.013058651979310776,-0.0005916314342112594,0.004397352741630778,-0.0012506822160874842,0.03474713392839224,0.013009344715291693,-0.005330294704533389,-0.03173813700568573
415,2020-08-26,0.013599175393194995,0.0284955613728457,0.023837711110670456,0.0015785397278125224,-0.014030074889955113,0.005218127618377366,0.082223616852094,0.02161969626727056,0.0005358293184640761,-0.021282178043010025
416,2020-08-27,-0.011954522468152096,-0.01215915158498826,-0.009494373584974514,0.004464778888059184,0.03289965898808456,0.0014536080163365384,-0.035174941602470144,0.024553466103687027,0.04537123915095509,-0.006748312936799117
417,2020-08-28,-0.0016196921780232687,0.0005293902228860059,0.006699270735259999,0.00431423756587157,0.004103502784087221,0.03317426478996999,0.0015004059403656012,0.01028353783379643,0.026860880960871247,0.023905281911139165
418,2020-08-31,0.03391200019896501,0.014451219151166761,-0.006038515985452464,-0.0014970653162679204,-0.02510464683904401,-0.006020444935821767,-0.0015662371471986125,-0.0147658019575575,-0.010335229180451821,-0.018431957106079477
419,2020-09-01,0.039832427083906774,0.01395547583299983,0.015679281644540577,-0.012319896256437146,-0.0004990146933674389,-0.008277655211987756,0.007639857040503406,0.007715400304058484,0.0629457134631517,-0.012769408213188282
420,2020-09-02,-0.02071810552957587,0.009239471142122424,0.037647686766248745,0.015245682526533466,0.015078863884838256,0.04214151350831252,0.023896479542816706,0.019271956889205244,0.0006096379723661283,-0.006086385078508338
421,2020-09-03,-0.08006087872260659,-0.04628410915968095,-0.05117055483978694,-0.027823008734844,-0.0031482409404037792,-0.013869809985791792,-0.03761990552446692,-0.06194682756572567,-0.021262100976920162,-0.002041320987795303
422,2020-09-04,0.0006617300310498564,-0.021787358799564616,-0.02964079709068057,-0.006419121062745781,0.021612574588851796,0.01109333605530094,-0.028819641585937084,-0.014035898206369302,-0.011830696093704685,-0.0007671765326044966
423,2020-09-08,-0.06729493454153412,-0.04394435952982134,-0.03643421653576484,-0.008950795219189178,-0.034776044472921264,-0.024098648995473426,-0.040922352910460424,-0.0540957843546751,-0.03066580487711479,-0.023029826561695832
424,2020-09-09,0.039886626088286636,0.03770662418145765,0.015509407803425468,0.01656905089029359,0.009507965193214396,0.007628564065532029,0.00944081608069336,0.0425837492992982,0.010400995682504854,-0.00602382192732176
425,2020-09-10,-0.032645754171772956,-0.02860545100214451,-0.013689134763236965,-0.01863687449826068,-0.010310200249703305,-0.003785178897239061,-0.020568421376721324,-0.02801851554507262,-0.022017168289035882,-0.0250330172602673
426,2020-09-11,-0.013129272996273422,-0.018547317429499666,-0.006742722327008455,0.005921677833361283,0.012420864406258225,0.021200123845873442,-0.005520530789645095,-0.006524680249660908,-0.0008039945264621817,-0.002702827831830845
427,2020-09-14,0.030000161376442902,-0.004251985314208007,-0.004572251820065154,0.0038570988575925558,0.0138517207689981,0.0011844105876162025,-0.0017254918609320713,0.0067637301403491445,0.004535423869149291,-0.006504080095235509
428,2020-09-15,0.0015605624100984983,0.017132004407634627,0.017424119601803234,0.0036399367531061433,-0.03113079189728285,0.006704814350570576,0.023558191006062934,0.01640623444066036,0.0002914634055539711,-0.01063810936625098
429,2020-09-16,-0.029513687562968127,-0.024723344317983953,-0.015001966307787051,-0.003290781763353179,0.0042301264392576865,-0.005092907396675894,-0.03267020821139799,-0.017865576029579056,-0.008008558581423575,0.04245921355680626
430,2020-09-17,-0.015963627844176487,-0.02253666798925036,-0.016566580871089864,-0.008288729009363838,-0.011434041197210587,-0.004725203533497924,-0.03301435948396014,-0.010436667916196796,0.0031557305946661174,-0.0002647089067420172
431,2020-09-18,-0.03172018708150248,-0.01788790878106783,-0.024175274360208943,0.013657815867273548,-0.0021307388447414644,-0.0019785752406885626,-0.008986741826451872,-0.012419145959558286,-0.010242020293161902,-0.016137325080375686
432,2020-09-21,0.030325987540973154,0.001881613182508124,-0.01443747872912271,-0.027349243383209543,-0.030910111406908913,-0.026957474624804578,-0.017344616890197284,0.010728891403178675,0.013157042895969973,-0.020435797638183595
433,2020-09-22,0.01571572672038335,0.05692335984779917,0.020753061322625665,-0.006133646335781728,-0.010911935961464558,0.011611533589316325,0.026596835796439455,0.024094124085224378,0.009046272803852062,-0.024704808659003263
434,2020-09-23,-0.04194622558820971,-0.04126889165142078,-0.03454526522840129,0.0015944652118617952,-0.016229639473223645,-0.02919848564538785,-0.022492680482695704,-0.03292840404206632,-0.016773724656114042,-0.03208573784676494
435,2020-09-24,0.010268573353120036,0.006643681788120581,0.009557395459642182,0.0015924816181127621,-0.0008625815978138274,0.010163904438541982,0.002048083142640378,0.012961831261975254,0.0052210153749825405,-0.0020352065334809932
436,2020-09-25,0.037516596022531434,0.02494874307344297,0.011385514798314622,0.006843139858589975,0.008741692144361268,0.0004106734823374758,0.021199977862506714,0.022786617009153298,0.004169644984512777,0.009323936770187391
437,2020-09-28,0.02386886586930448,0.025498115680328004,0.013619934580010762,0.009954916279245163,0.02877918864363993,0.011494321872227431,0.00784853022844989,0.0077951813130336944,-0.0001455604336947358,0.019341713042984265
438,2020-09-29,-0.0075680156204094295,-0.009190126805558863,0.005045821097164449,-0.0003399582634365794,-0.008423515254750935,-0.007305303375247041,0.01935226809401236,-0.010408963571755803,-0.0008017759881150388,-0.029170078068871952
439,2020-09-30,0.01507581472912256,0.0012241460404771587,-0.00028660021725368523,0.012375952939296386,0.00964876228898448,0.009198645509956638,0.0004200179003992499,0.014812508028276827,0.020198367261218708,0.0014586440751243046
440,2020-10-01,0.008462242121636265,0.023034752317315554,0.015215580741242407,-0.010478349285086064,0.007271226647788787,-0.0038486804211803616,0.018060468223748405,0.010126883685535493,0.022657476687314215,-0.03495499702956362
441,2020-10-02,-0.032280310126424294,-0.02988273802333874,-0.021708544230795712,-0.007331194008440067,0.00948738455364695,0.0036600800595625316,-0.02509117646244552,-0.029511433687351207,-0.018031861833902263,-0.004527538355355798
442,2020-10-05,0.030791136065429825,0.0237440429687501,0.018707202938478718,0.013607769405327597,0.021136274009522227,0.0004052735514432637,0.018119857429386377,0.020320974645399392,0.009252772692926792,0.023044345965455904
443,2020-10-06,-0.02866940954945474,-0.03102028886576813,-0.021452208733671152,-0.013290080027663742,-0.010298867927736377,-0.008910857168057729,-0.02263377809523337,-0.02124705583521913,-0.008251158101095557,-0.0103736391181255
444,2020-10-07,0.016967071550644697,0.030881037106998743,0.005595955830352439,0.011076338145628029,0.01744528300367354,0.01266909619262413,-0.0020875704656104777,0.019037266169697586,0.0018488263421576612,0.0032945094919083484
445,2020-10-08,-0.0009560010095370775,-0.0016084400175445657,0.016646893496489845,0.006829679219679807,0.02055557343748715,0.0181595325062478,0.021850118323876178,0.0035742445113162713,0.0033359281286862164,0.05253726596822572
446,2020-10-09,0.01739604613318524,0.030120249141207367,0.01821446850613162,0.013970456743648274,-0.0056986801029279555,0.00693643113212894,0.002615913002380843,0.0248362004468361,0.010045097449706608,-0.014747509994717967
447,2020-10-12,0.06352057656491716,0.04754990740220588,0.03584378524550602,0.005762545482763004,0.012253167356618633,0.005510582294514732,0.04273016683833397,0.025902605581015203,0.010295831410408907,-0.0031663455420700704
448,2020-10-13,-0.026527478247466596,0.00020333647320058823,0.001585010923684127,-0.022918877404452198,-0.016204719419370184,-0.01702882420883034,0.0014146578090772355,0.00659425813567438,0.013726166019570663,-0.011839466030793222
449,2020-10-14,0.0007432642408202739,-0.023208080547411636,-0.0023165663060162878,-0.0017527327384085911,-0.005556715924320721,-0.00199095014516415,-0.015644509273786356,-0.008974049171123766,-0.015660273946752956,-0.0020455978130418107
450,2020-10-15,-0.003960872411263083,-0.007450142689235051,-0.005097632208242109,-0.006144043396901,0.014967072877239751,-0.0025939730591277854,-0.018762353405500365,-0.005433389784324172,0.004098732800740024,0.008784546232523782
451,2020-10-16,-0.014000404016178636,-0.019750480983333984,0.007862623370904709,0.00618202603312934,-0.002064275259694215,0.0008001520738969425,-0.0029618895852304705,0.0,0.001245431592078683,-0.010159426544924743
452,2020-10-19,-0.025541945397886123,-0.020013957457728493,-0.02407982052746549,-0.025523172655451454,-0.016845843823230955,-0.008195046476938472,-0.017034645733404408,-0.02476555652425949,-0.012161904594082062,-0.019941229133636607
453,2020-10-20,0.013191937617416771,0.003055554339711275,0.013810662990259015,0.001593805531298953,0.005711466954123612,0.012696593401162692,0.0235653958295583,0.002007187741764893,0.0066454249762843975,0.008378042454977974
454,2020-10-21,-0.005446328135485623,-0.009968886774915697,0.022507025014308013,-0.004289018707992032,-0.009963077994797787,-0.005174256313139836,0.04174780975450565,0.0006989159655543808,0.003474601670236499,-0.016023597189195327
455,2020-10-22,-0.009583301478424122,-0.0026812857408547996,0.013032822045599746,0.007989814659332684,0.03532257348450818,0.013802938295224276,-0.002188625437512637,0.0004191459688855925,-0.005886404172283255,0.05126641847052893
456,2020-10-23,-0.006133909316583419,0.008814971867029398,0.016382022415962094,0.0011026219515524183,0.009039358446981671,-0.003157298319280022,0.02398259326124763,0.006235549092111992,0.002089861199679799,-0.02008021817576977
457,2020-10-26,8.682141736127136e-05,0.0008238907949942309,-0.02981664233285064,-0.00874396210177486,-0.024756532321375646,-0.014251640581853797,-0.026967373581931353,-0.028441805520215135,-0.01174828384692328,-0.023712084161132685
458,2020-10-27,0.013472339362902153,0.024723687101579017,0.009208954936901437,-0.005695665414051088,-0.018866074194614835,0.002008011990429104,0.0223016754171117,0.01508931745879849,0.00499441425596947,-0.015892013175663466
459,2020-10-28,-0.04631205064808308,-0.037595069983728635,-0.05508853719380036,-0.03346120911327921,-0.028088322085925377,-0.03887781723738015,-0.05513764787770392,-0.04956603491653788,-0.019808276241691458,-0.0380864678277657
460,2020-10-29,0.037050395986994555,0.015249235849637444,0.030500561302547746,-0.008456419537748783,0.0065261109851326715,0.0012510300945209885,0.04916487010150172,0.01006506096025439,-0.0008568791846091939,0.04434581959853312
461,2020-10-30,-0.05601805425817563,-0.0544564552314909,0.038043953020752364,-0.0005830177348349341,0.008953333522279339,0.0008330716808004901,-0.06309868829886711,-0.010990693115415784,-0.008361935142155663,-0.010615766253633918
462,2020-11-02,-0.0008268353774661952,-0.010430948040659138,0.005080194533419347,0.011523606027966204,0.0225418305422449,0.011652078436600544,-0.006651385745303773,-0.0006913948725808527,0.011891830078967214,0.04199886725368174
463,2020-11-03,0.015353544636207861,0.014621516534147005,0.013137765105204702,-0.001369859584578581,0.03152104521952559,0.015014293576390614,0.015075270439428579,0.020263750605290287,0.016951414467738735,-0.017063727895440084
464,2020-11-04,0.04083670001973827,0.06322966294024535,0.060881546279557774,0.006498243998386277,-0.030557830463669666,-0.003647471505211497,0.08322642366464161,0.04824876349335083,-0.005742933020799312,-0.005387800202181103
465,2020-11-05,0.03549373685379176,0.024941733698923496,0.0095366368295009,0.00258220925767616,0.04089763120820655,0.005491144879183452,0.025401814835803727,0.031887036768171395,0.010636717432081833,-0.0018055654102958618
466,2020-11-06,-0.0011361335425982277,-0.003199936061909714,-0.0015716605639157777,0.017816424886917925,-0.013320708980940732,0.00020249090201551745,-0.004309830153530703,0.001925584524329338,0.01603117590005243,-0.01175762152818327
467,2020-11-09,-0.019968105282179294,-0.05062255447737596,0.000960479998699082,0.026924372564513632,0.13539245371579134,0.06309394594705742,-0.04989592850682567,-0.023824187278023712,-0.015297717308798364,0.12660181485070288
468,2020-11-10,-0.00300876773247849,-0.03458294580536425,-0.013455128942510997,0.01505991644531579,-0.003250541619387204,0.026821327549369833,-0.022742706575272664,-0.033792902702361016,0.014072548870514456,0.02218498784399392
469,2020-11-11,0.030352528016542202,0.03372959332756431,0.0054727905849054626,-0.0032369607389285404,-0.014933057578333409,-0.007410161759761058,0.014866195546858751,0.02625463584281329,0.016625376932967617,-0.010309273751134884
470,2020-11-12,-0.002343131175626234,-0.008640935353967705,-0.0025241300706255743,0.0033828091379513037,-0.012284330954301148,-0.010638318419471937,-0.005063768507718502,-0.00512584672846772,0.001689484488709203,-0.03426523713886387
471,2020-11-13,0.00041945069332083307,0.005957652481424658,0.016892391127987905,0.010789214147352455,0.006262614525326393,0.008300578130844727,0.006798129977561684,0.004966671033090453,0.015583941772657983,0.024127273468061095
472,2020-11-16,0.008720245481662614,0.0007190451875813686,0.0009983960209305476,0.0063375610265947735,0.02822598439519819,0.007483301110840612,0.007257645009637548,0.003325503510503758,0.012621156473863193,0.057649347475769774
473,2020-11-17,-0.007564326017958423,0.001469221257177411,-0.006972608914872613,-0.009943650561723971,-0.010145012493496752,-0.003156761038344724,-0.014195702721574333,-0.012751586564375028,-0.02013909310442552,0.013364842937608312
474,2020-11-18,-0.011391346177665018,-0.00963120822903818,-0.011932062462878479,-0.0132574080063248,-0.007406818775301693,-0.01993277900614221,-0.011018187491716569,-0.01318357060998454,-0.0018744161005811444,-0.03775517364033698
475,2020-11-19,0.005168406217773036,0.003722494885254779,0.010300825140790781,-0.0015606987813296946,0.0026897918499115825,0.009883952291221965,0.0035667430136723244,0.0063482129831797796,0.020323155725920472,0.005106024749335969
476,2020-11-20,-0.010957584554696198,-0.005652814007175211,-0.012618093133532016,-0.005301070057360691,-0.008567167285213784,-0.008658091144834956,-0.011870778426109396,-0.009556492433230424,-0.01235863593414388,-0.012299554893411835
477,2020-11-23,-0.029742761081423708,-0.00032591205652088284,-0.005079539191902405,-0.010182767719304042,0.028803508075702755,0.00018973137249678196,-0.0047091262371534715,-0.0013308969918455205,0.0045926533289604166,0.06551170368116699
478,2020-11-24,0.01159417333945112,0.006348492495275249,0.02103548414359291,0.0,0.04623746525541628,0.010250895843057606,0.031628573147291394,0.017847758157904403,0.0028492463115445954,0.0665649933685748
479,2020-11-25,0.007467234508981013,0.02149089105013391,0.0001303080809238466,-0.0013203974366788884,-0.010460624654662909,-0.0054493199129374,-0.0048029307840617985,4.657980861444422e-05,0.00310484620190854,-0.027870287630904156
480,2020-11-27,0.004826547063566666,0.003224444340751864,0.01297530198713126,0.0022273018138858625,-0.0066376036721288445,-0.004345276262135878,0.008055607575619295,0.006359151902424642,-0.0015147175634702137,-0.015192322061523877
481,2020-11-30,0.02109946073518887,-0.008543726224847115,-0.018254020046121422,0.004722444207755361,-0.02755322784295866,-0.013195685500822507,-0.0030237817244103127,-0.005389451521225275,0.00784949230892118,-0.05125638721075465
482,2020-12-01,0.030827440347271695,0.01642659261366375,0.02334718828249782,0.01914555607487234,0.015778606513387805,0.008527067731948001,0.034588453680509,0.009996643587733667,-0.0009819398532613377,0.009703618730102948
483,2020-12-02,0.002933551613625962,-0.005139620139509304,0.016492306563802517,0.0046793999201864,0.01920833297930402,0.0013450642772410148,0.003385263098238722,-0.0038851411246939582,-0.013888668071308619,0.037402416341565825
484,2020-12-03,-0.001137648088969212,-0.005244192164348127,-0.0017151289293060312,0.005805192429743089,-0.006555347101370845,0.012857456295725989,-0.01972037731315801,-0.005246596317354912,-0.00810518017053985,0.006760108665232245
485,2020-12-04,-0.005612276575041708,-0.007578327983446487,0.0010540683347384228,0.008523705584587704,0.00907310657740723,0.02027304328172974,-0.007628209808016373,0.0005599748543243521,-0.0026119471333186928,0.03655801753386401
486,2020-12-07,0.012269706378198908,-0.00144820943300783,-0.003690162970668931,-0.008651220932175296,-0.003760251508355461,-0.015970320320839004,0.021022458484561968,-0.00032656212613957347,-0.00537258403721097,-0.018713812998721435
487,2020-12-08,0.005090971100090824,0.006108347649924184,-0.0031370457157734455,0.01731896090270002,0.000984575086263595,0.0035854113011941635,-0.007633477619490625,0.008026517295521396,0.009047338397254467,0.032762947411953514
488,2020-12-09,-0.020903559164152763,-0.02300385041546993,-0.018478140388204833,0.010227492673522853,-0.007786610411823602,0.0028205901824085444,-0.019336684992116493,-0.019489733614457605,-0.007895814256514977,0.013257436716112014
489,2020-12-10,0.011988723543548518,-0.0008730964486967085,-0.00574270712885927,-0.0055519292590390235,-0.006443906991302484,-0.005250197875460105,-0.002878494656856523,-0.006043457144349285,-0.004670374407614419,0.028270856958430457
490,2020-12-11,-0.006734721937544652,0.004813852496939441,0.004044819309993342,0.00459812669944526,-0.005903323927754167,0.005655087702290285,-0.01288240584339806,0.013015399359053381,-0.0002721232214013547,-0.004771300624607844
491,2020-12-14,-0.005146635995857185,0.013011701561464806,-0.012700085861762078,-0.025367690068957893,-0.01053864220157641,-0.0014993982909136117,0.002339582902560311,0.004407486651159198,-0.009183652765762496,-0.03607334620161495
492,2020-12-15,0.05009021384181622,0.0025815971159888207,0.005033593728667185,0.010062093103716974,0.01707510973874804,0.010700114287304219,0.004959784966428016,-0.0003264340683172273,-0.000480591858607049,0.019422058978184165
493,2020-12-16,-0.0005474425128617622,0.023961224378619583,-0.0022090002915223783,-0.00597718404538905,0.0029091409013664027,-0.014487368660646482,0.00043587862638738706,0.024050646479055082,-0.0010304432668137853,0.015334719955669929
494,2020-12-17,0.006963583050209277,-0.0015057469987226346,-0.00949243099933883,0.02639119610650087,-0.008287160301872487,0.003957873884670837,-0.00431694440846242,0.0006385427299202551,0.004607174816665394,-0.0050343726242119136
495,2020-12-18,-0.015850751174098066,-0.01063939440891426,-0.00821021429752744,0.005793598187372684,-0.004930163890259798,0.008822842442669288,0.006994968360497733,-0.003782903553901207,-0.00102685965097693,-0.017249336694893258
496,2020-12-21,0.012395220039465471,0.0014149045573290664,0.0048313669428941,-0.009643174286394385,0.037538046586514495,-0.017305608272824458,-0.013060625136245285,0.018299117232472684,0.00013716187935819413,-0.01825439822326047
497,2020-12-22,0.028464560161068242,0.00010603453584812073,-0.00826720359851485,-0.0019607251806036397,-0.015216554718781028,-0.000946727534284153,-0.020895160241929833,0.006065134082333001,-0.012126020269594195,-0.016924648744377158
498,2020-12-23,-0.006976263607934463,-0.006627122071927394,0.0046564681978829014,-0.005107507025774449,0.0279441691858755,0.006065001011172022,0.003818693530296402,-0.013039185598220815,-0.0067957733081873695,0.012851236053778692
499,2020-12-24,0.007712711774604308,-0.003949415822362745,0.0034311420540704685,0.003488504969996642,-0.004397455719693855,0.006782119501287154,-0.0026480376725029897,0.007827109711791902,0.0019548980819441564,-0.004069701455115093
500,2020-12-28,0.03576540734667799,0.03507113271672124,0.022950667544725967,0.004722066056972896,0.006585169802039159,0.01347344920750837,0.03590122220793379,0.009921578316607338,0.011986023974785098,0.003365632821758835
501,2020-12-29,-0.01331462994307031,0.011583625131030173,-0.009132194761296675,0.006201593155359841,-0.0026327339007454764,-0.0005541742185920517,-0.0007942428993097383,-0.003600755803049971,-0.006335246404876926,-0.011260390652279573
502,2020-12-30,-0.00852672714880287,-0.010882060864285004,-0.01223704458887731,0.012391206721424464,0.002799717453398687,0.005726920460235263,-0.017739707973456365,-0.011019425763417523,-0.0008314458873751596,0.007996086374810085
503,2020-12-31,-0.007702705081046868,-0.008801370623195415,0.009439883247536862,0.008523061712459867,0.013640750041505889,0.007347707888264665,0.00474496197084151,0.0033383264552682146,-0.00020856649861877852,-0.009134385531720635
504,2021-01-04,-0.0247192895143441,-0.021584740620304466,-0.015125771290388612,-0.005591817227690865,-0.009443613647560967,-0.03792849148058197,-0.015448904946757214,-0.021266011494029624,0.016511013799509477,0.006792634519057872
505,2021-01-05,0.012363507188586143,0.010004358381754175,0.008064343620416858,0.011757297173998538,0.0054413272462563445,-0.01099325857148059,0.007548141258349794,0.0009645535714546405,-0.005323280546710274,0.048192586936792514
506,2021-01-06,-0.03366130862055772,-0.024896614147709384,-0.009867627340659268,0.009410032186397022,0.046955764105538034,-0.031813085704957555,-0.028268759801353238,-0.025929197985912977,0.0062437451388508425,0.025517452411033537
507,2021-01-07,0.034123307033236294,0.0075771277744003385,0.029868613782671583,0.0033785764556553133,0.03283914447097391,-0.011084532740131658,0.020621986319291352,0.02845664355304045,-6.837445466767456e-05,0.007845773238700726
508,2021-01-08,0.008631250646017996,0.006495514374673217,0.01323871206048377,-0.002057849779060872,0.0011041460723471008,0.02241800038317243,-0.004353417177262564,0.006093121293199166,-0.0001363397831787294,0.011120979752286209
509,2021-01-11,-0.023248867391203576,-0.021519462280005563,-0.023105636070550273,-0.0041861653152489575,0.014924230338133171,-0.017227746430827917,-0.04010182923871419,-0.009698515634627314,0.004501249365816307,0.03035642380590553
510,2021-01-12,-0.001395495148975634,0.002125797051401035,-0.010738745822409745,-0.007780583787305173,0.015719132277102643,-0.001793047206445464,-0.02238742921692527,-0.011770841028130419,0.011405776636874254,0.022203274899790904
511,2021-01-13,0.016226846590182253,0.014438406874172749,0.0056522214219290046,-0.0015178689232131504,0.0009269956318118666,0.0009978276756950066,0.002190440970482266,0.006560417958846543,-0.010203255190878724,0.011278044234889872
512,2021-01-14,-0.015127342582265557,-0.012135545173177387,-0.009346113684237989,0.01748040428292197,0.005842723343171929,-0.01854073793945543,-0.023843508583658246,-0.015346230440925313,-0.003255233858494355,0.03903376440999051
513,2021-01-15,-0.013730610591634163,-0.007424600125642833,-0.001906625057662703,-0.0021786305345277146,-0.017921860409801482,-0.010765586794987403,0.023286040990509127,-0.0017371323735720923,-0.01585355068241512,-0.04810184673697804
514,2021-01-19,0.00542712451621763,0.005318518294228358,0.03290680405463586,0.015470890301414464,-0.004327775869410133,-0.0039017094111115647,0.038749483553334185,0.017822781485683503,-0.00864215445426253,0.019836966626006536
515,2021-01-20,0.03285620601609751,0.04570048462239673,0.053573288363319094,-0.0024570817198811268,-0.014995828972216407,0.0035045127043187296,0.024434837625479933,0.03649976733659055,0.014784778721792735,0.014127698890255891
516,2021-01-21,0.03665823542937807,0.013363421550624865,0.0021700086119507134,-0.0040031233159938395,-0.008383942838738667,0.0055466445098022454,0.020151119888038194,0.0028083120295545605,-0.004535726947415775,-0.028669331073605586
517,2021-01-22,0.016073604314906564,-0.00446331304512726,0.004463634666710625,0.011253445777416049,-0.007713461615466155,-0.009397466435242086,0.005973544892436511,0.004356109970983013,0.010217652271049316,-0.014134436776939374
518,2021-01-25,0.02768405427941545,0.0005376354551673845,0.000908838831577885,0.014857944339681683,-0.012482306210536365,0.005980382841725973,0.012786981863978752,0.015844109067954193,-0.0008886915323591538,-0.011174146195673806
519,2021-01-26,0.0016790669152351168,0.009754137082109926,0.007216352756296285,0.02711144692635492,-0.004087298699847031,0.010455345679866612,0.014531523246023026,0.012198957224106577,0.00896055527184103,-0.02196178274524241
520,2021-01-27,-0.0076834718227948295,-0.02812581228312927,-0.04665215168912196,-0.015251177563362694,-0.028271740026739267,-0.015419119860791586,-0.03513546522722932,0.0024533737559395696,-0.02488001491076841,-0.011336401470493307
521,2021-01-28,-0.03498526077836295,0.0015591193708615059,0.018835244076130575,0.007624730473529295,0.017597508655835536,0.0127758965343725,-0.026236518355628458,0.025890913102439406,-0.0006253867601979657,0.015655971444781258
522,2021-01-29,-0.03742096551907259,-0.009704654514695155,-0.013943708461928273,-0.03564667065037963,-0.011067530165053241,-0.020346069477307882,-0.025169839925152426,-0.02917165001651356,-0.02267828763405577,-0.026487205946498005
523,2021-02-01,0.016520560606876566,0.042629902924745666,0.03595923626424691,-0.0025746113235425305,0.007383167190922579,0.006853832229691603,0.014245308336208629,0.033152143739408,-0.008684006022951718,0.0017844624974721057
524,2021-02-02,0.006336421969631356,0.011104214562255077,0.013760729007699979,-0.008973003293781368,0.030782234844988432,0.009900846041825728,0.019350386262305674,-0.0005841342927599413,0.010770510423364632,0.015805521038604553
525,2021-02-03,-0.007778312683915933,-0.019961565909300982,0.0728250364276295,-0.004651137800675609,0.011451316507419929,-0.003881080972645612,-0.0016100589472050064,0.014571499053412929,0.0030544875341211863,0.039228640220914546
526,2021-02-04,0.025757798144074195,0.005575845147329783,-0.002549828054923542,0.009283502144477929,0.0230132019226017,0.004921263536541209,-0.0006001463512762539,-0.004074088139591758,0.009419284097899716,0.01919029213771717
527,2021-02-05,-0.003098177157264348,0.006349415177487883,0.01714024836631478,0.015186036063765895,-0.0019530968281387118,0.013058677054484047,0.006041654139278041,0.0007850370360320547,0.012839615931874215,0.03351949387354014
528,2021-02-08,0.0010971825616474806,-0.008713780773966562,-0.002063394490534165,0.00285810958355337,0.01565434127950871,0.005438010830703499,-0.00566946466872309,0.0011146415185079306,0.004640897544007538,0.043042970070568565
529,2021-02-09,-0.006574049599448961,-0.00539885256244832,-0.004379839380057482,0.008185806979501331,-0.003995808210402241,-0.004407152178392382,0.01076601105514463,0.005361649736357776,0.005516286166114659,-0.011711687256908299
530,2021-02-10,-0.00455806300981898,-0.005573405440383872,0.005343525144657635,0.0032477161720867453,0.0005730841716908852,-0.002012208530233539,0.008981245439090957,-0.003897107317759829,-0.01165757940451384,0.009677975690769003
531,2021-02-11,-0.0019203474676430243,-0.007439273910078148,0.0010879770462282057,-0.004496214907603879,-0.0027925748733730327,0.014113049670017697,-0.00544354907135991,0.006877535844375338,-0.0007630223040957507,-0.02503899959321665
532,2021-02-12,0.0017755307173190626,0.004775969497859078,0.0030064179440216776,0.003131294944687335,0.014217126416133707,0.007753568603936056,0.0004066588307585217,0.0020450996261636156,0.0031243885194722765,0.013643645427068307
533,2021-02-16,-0.016103637292621542,-0.0026726192693009576,0.007479820544817661,-0.009064499112124924,0.0240710745030559,-0.008285671507710757,0.01282813976736974,-0.005265576672279448,0.008237134314947436,0.03008690176333939
534,2021-02-17,-0.017643886468146852,0.012141589169594624,0.0037523065142923695,0.0035742402771217208,0.0031105950765657475,-0.0027849362117372545,-0.0014601100100724018,0.004359573157120877,0.010572548467098875,0.015564998231976546
535,2021-02-18,-0.008636572139183785,0.005920814274298136,-0.00604657370747641,0.0004826381028586457,0.0033770706552651575,0.01276692039078231,-0.015279257774037158,-0.0016788126241030765,-0.06480984042142934,-0.015704699101301123
536,2021-02-19,0.0012334502529434133,-0.023535055745747435,-0.008072762404960798,-0.01665226313895629,0.016690836434252843,-0.012999923233992683,-0.02906581387064655,-0.011567418129104667,0.004939886192882659,0.006727998277746172
537,2021-02-22,-0.029799032139730675,-0.021280609604111933,-0.016540605547082032,-0.0006173947806219493,0.00939059053697866,0.010377051460200626,-0.004702693289078463,-0.026808341560769167,-0.004698764897351548,0.036852982673159174
538,2021-02-23,-0.001111179633371595,0.004326059526709614,0.0028525123498026606,-0.008834275538819991,0.008031511519231094,-0.0017774667686107914,0.02124226037328847,-0.005287535197061155,-0.01612306982465017,0.013812452018235444
539,2021-02-24,-0.004052033721743231,-0.010946968676518232,0.011499471865485722,0.013400736767815724,0.01759475754695372,0.003363484293066321,-0.005830260923727737,0.00548722410839253,-0.01668264744636261,0.029972884904649
540,2021-02-25,-0.03478272661107451,-0.03240038681954516,-0.03256529286547938,0.0010451688902577416,-0.013571564691295501,-0.010648680694349322,-0.03639646890063397,-0.02370506748479073,-0.00945869133823396,-0.016578577804540084
541,2021-02-26,0.0022317734830195057,0.011700387973209825,0.0029563249503126166,-0.026419126733926213,-0.026524473517747116,-0.02352030491317625,0.011504161665579105,0.014804173498749629,-0.015384778526553955,-0.024928367142031616
542,2021-03-01,0.053851094061400095,0.017203798394717307,0.023616345216683765,0.0054271408940866905,0.022627139573927257,0.018575742208164048,0.028297467699678336,0.019622976999364772,0.011160753508867804,0.03733685963761846
543,2021-03-02,-0.02089367342716819,-0.016404262105025436,-0.002502724578609339,-0.0018826617550554703,-0.003256130326679929,0.004007928179014852,-0.02230946780324583,-0.01295692784569702,-0.009590892422108421,-0.00585130264818734
544,2021-03-03,-0.024456430724267175,-0.02893170479822993,-0.025706410025105653,-0.017608078781155112,0.019331953159539284,-0.0023953533299875263,-0.013860927469255158,-0.02698082018609138,-0.01936838582100009,0.00802568958951011
545,2021-03-04,-0.015812045398801544,-0.009128157985388907,0.011196182935186982,-0.020163592065219116,-0.015368473660699933,-0.0008004278238037399,0.008731280425827714,-0.0036473111474921716,-0.00047040910296447525,0.03874737609615431
546,2021-03-05,0.0107384341944472,0.007687481916645478,0.031043324439433917,0.01979471635803942,0.002324815257117807,0.017020638277064126,0.02577210791854556,0.021479478925414464,0.012467473321555067,0.03781304929773688
547,2021-03-08,-0.04167342971134336,-0.016167463748385735,-0.04271203973383608,0.008327835437054842,0.013252724785420389,0.01673534504733354,-0.03394123966525675,-0.0181779731714401,-0.009603361566287272,-0.0009846666191495324
548,2021-03-09,0.04064959704965321,0.03756837366056898,0.016368771748181077,0.0019059616197625306,-0.00706281900909822,-0.015104140685996081,0.040852408371810256,0.02810138479591706,0.007898006225649956,-0.01544253407567564
549,2021-03-10,-0.009166700681858542,-0.0017010173123747085,-0.0020437196451570383,0.00919456751804737,0.021734908741325665,0.011403673086102684,-0.0031610074436626556,-0.00581746604307154,0.025525943899317394,0.03070204347516059
550,2021-03-11,0.0165028266170697,0.018298429776605563,0.03160304855561269,-6.271201879148869e-05,-0.005221729273455322,-0.010886631372199473,0.0338995311086383,0.020265063516816895,-0.0003784878148931359,-0.007446652159100564
551,2021-03-12,-0.007625572195695152,-0.0077402727850476305,-0.024060562847467493,0.0028905649702479774,0.011858638902989549,-0.0019817742749800304,-0.020008712330373157,-0.00581950813719212,0.015060898208515638,0.010764951633600361
552,2021-03-15,0.024456739994041854,-0.0025279442445658162,0.00216589429445202,0.005138124600484906,-0.0049953379225425865,0.013304324004208778,0.01993296014611201,-0.003987506765459892,-0.005144580596705861,-0.025496355155383177
553,2021-03-16,0.012743127283506128,0.0033034103914528767,0.014334775390325127,0.005921756317805116,-0.011971072859036869,0.003723363965725257,0.020200901195958076,0.012350716379880833,-0.00029951216128842884,-0.021195458337929907
554,2021-03-17,-0.006450617233892397,0.014188848597238346,-0.0008012532418715246,-0.003718469126220203,0.010292390522028905,0.0003903699637108904,0.016936427879105098,-0.0028187997493538397,-0.008321865923550886,0.004398526373298628
555,2021-03-18,-0.03390523168199322,-0.03435878370750434,-0.029238125876577037,-0.0018657913371803447,0.01650650183821689,-0.013075747066735977,-0.018978388185285744,-0.026662196110884828,-0.013056869916115432,-0.04311944046645122
556,2021-03-19,-0.004480127003545165,0.015511909856343209,0.0027804620083442533,-0.0026795809819063487,-0.01592162869808289,0.0047459647654994885,0.04123910953973575,-0.0016035579605632178,0.01330669950172969,-0.0056326003630966515
557,2021-03-22,0.028335754177179595,0.01167821172408301,0.0018401525010065534,0.0028743093790717378,-0.02687875401396389,0.0037393113051600313,0.011823090962389315,0.02448445779705799,0.004782274484407489,-0.010267525877366235
558,2021-03-23,-0.0068888519703687034,0.008560288075996736,0.005239468729977492,-0.0009345194811621882,-0.010001926508877546,0.007647136139442123,-0.009913531515250096,0.0067376238974772296,0.01186046234611382,-0.012341211709347322
559,2021-03-24,-0.01999342746635091,-0.016073304438495972,-0.0043108451089340916,0.00972859777526236,0.007761166968156541,0.002529614260748936,-0.029212386092341447,-0.008923398488285161,-0.006196681110744895,0.020282625125090936
560,2021-03-25,0.0041634933816951936,-0.013219634289670767,-3.451617332506096e-05,0.0003707261359429115,0.012813650750372885,0.009705000803951869,-0.01205078676667859,-0.013250431466330426,0.00676120408954084,-0.002839916905041595
561,2021-03-26,0.0051413622924456615,0.0018941122432061253,-0.0038031928865160936,0.018274603442374637,0.016650510414646158,0.019607889865513428,0.0153548091376976,0.01781872599603096,0.008357556117827514,0.027233677774286313
562,2021-03-29,0.0014849977039048667,0.007765307334585803,0.01040142930750565,0.006730401260742314,-0.015539527531255426,0.015271575554927752,0.027559861192194335,-0.005243486542993225,0.01139651803512498,-0.005371517913932533
563,2021-03-30,-0.012274250169886924,-0.006645597502498379,0.000332396131661028,-0.006203258221245789,0.011789477382408542,-0.01299911210856497,-0.009696587807924928,-0.01441091147406226,-0.006804647257660834,-0.012369369417227327
564,2021-03-31,0.018765374640471677,0.01269600564306872,0.007842769031305208,-0.003999884141580701,-0.014565159624990609,-0.008278533383659248,0.022673508546779075,0.016907348266477218,0.000663101430926849,-0.0151702309257854
565,2021-04-01,0.006958785248344812,0.02162845443110406,0.03261052966068512,-0.00924858952167229,0.00972225098236712,-0.0037944427243515877,0.014022331427981927,0.02790856220805349,-0.0015460613993615313,0.027941964194465596
566,2021-04-05,0.023577216460160644,0.02079404593469847,0.04187278606974876,0.0036846965901367046,0.005300561146576399,0.005713300880473504,0.034320090782056,0.027728564483661122,0.028093096228558823,-0.015507817465361673
567,2021-04-06,0.002462290269654277,-0.0009018902147276409,-0.004371360709435113,-0.00024481630766903795,-0.007030151116240502,0.007195479268803595,-0.008578543018716411,-0.004858218845476103,0.004805263865660603,-0.0028318746164454067
568,2021-04-07,0.01339029395775948,0.01723733655641202,0.013475143769941411,0.001346658100478626,0.015667861939210992,0.0016922694915442182,0.022301330429224997,0.008230528712411811,-0.0021414057131081687,0.0044370831547382306
569,2021-04-08,0.019233879712278856,0.006071242952548017,0.005091516957900666,-0.003911891790182365,0.0012264896736833286,-0.0030031287750493796,-0.00022358769642882859,0.013405101934848007,-0.0006435817734424809,-0.010425565474324383
570,2021-04-09,0.02025168395492405,0.02209562242522667,0.008993731132313387,-0.010553688583272769,0.007478282008693382,0.001129471752954192,-0.0017891015925343146,0.010266926011059052,0.0005008665209531582,-0.0023216480376294646
571,2021-04-12,-0.013233149112440445,0.0021321218730274705,-0.011472261343154377,0.0024182747997938403,-0.0021119449358799613,0.003196850937812634,-0.0029443938542176307,0.00023462786590955353,0.00014305806373537955,-0.006622431673225515
572,2021-04-13,0.024306271156547377,0.006098747605224553,0.004370463170122463,-0.013362782968811104,-0.011926662339764582,-0.004873525603727891,-0.005713464879004038,0.0100815362724469,-0.003075833010420359,0.0037838474540503597
573,2021-04-14,-0.01785289963072656,-0.01970591825597423,-0.005553681906643293,0.002758796825670373,-0.018690445210605033,-0.00018847674843247564,-0.022404418626888245,-0.011219092130173247,-0.0003587849966656398,0.028899452330167552
574,2021-04-15,0.018707931182721182,0.013828409714570444,0.019331819531529293,0.002938876489284814,0.006348810498306046,0.00470988752740209,0.016511327357838335,0.015297932751138,0.0060295056772157185,-0.0059315667809046735
575,2021-04-16,-0.002527903851363922,0.006022342354579324,-0.0010939926875509487,0.01153459677882318,0.007425849031744036,0.00656293186741741,-0.0053278806871269735,0.0047785262174595555,0.0032105151762791273,-0.005615876693633393
576,2021-04-19,0.005068503916136002,-0.00806900981526193,0.003070915054506518,0.0027737072910269944,-0.00424026720098436,0.005961254935923144,-0.012868283945861259,-0.00767063416385827,-0.006400568437168075,-0.0031768627263599747
577,2021-04-20,-0.01283002497015251,-0.011067567276491497,-0.00469476849072803,0.023295610417832124,-0.0221420579213224,0.0031482240661178107,0.001356714024792094,-0.001855013000086947,0.007730142042245758,-0.021069486565467144
578,2021-04-21,0.002929979320077658,0.008195669633476843,-0.000289604827125145,0.0006610425452597823,0.00850801790011535,0.008122570403088725,-0.0038989774000367516,0.008982836009566508,0.0029120857941469236,0.012841582793326811
579,2021-04-22,-0.01168520908539794,-0.015758395892332966,-0.01133716060079415,-0.008464150978024665,-0.021057194527086875,-0.0031131389006561205,-0.01641948039360719,-0.0130859985606665,-0.010835527524843735,-0.013035747241738393
580,2021-04-23,0.018038187283111906,0.00962218974677076,0.021047520518769458,0.002058519570084183,0.019135513033237572,0.0005510835142830128,0.015547088223359484,0.015476140272814298,0.0016465507147247482,0.005427763302274791
581,2021-04-26,0.002978230517024727,0.020389780364207244,0.004347905776778571,-0.008458357272280614,0.0024633017835189452,-0.014870490702214356,0.006342820565487406,0.001531669865409313,-0.014224252828543227,0.0019794553666860892
582,2021-04-27,-0.0024495843788497895,0.0024729175512423485,-0.008203665527660942,-0.005727549538978138,0.004583077274082248,-0.0014907247825177716,0.0017487597558312196,0.0016058728508385745,0.003407892598072504,0.01311066793396698
583,2021-04-28,-0.00602738078043652,0.012017786731569835,0.02970782800885252,-0.007353910312294376,0.006479117209977625,0.00018650517318419269,0.011628252164377795,-0.028285680744020714,-0.0035408237001559595,0.03013651329542899
584,2021-04-29,-0.00074882884810068,0.0037039347600635875,0.014293890608220838,0.013705517842655057,0.01944449941642512,0.012502191460895151,0.07297307069007708,-0.008053193794698599,0.012618503734945108,0.014283299607340982
585,2021-04-30,-0.015133100938316102,-0.001120636171800582,-0.016407751502653944,-0.008952480199146629,-0.008892239829411452,-0.005160128148867016,-0.01344402304759007,-0.0013066724872548008,0.00200531476692678,-0.028842901608615912
586,2021-05-03,0.008215746619276487,-0.023340170719312603,-0.004427400226115874,0.015240122168034498,-0.0029259478430914143,0.009262473297810159,-0.007690683973678003,-0.0012690341726152576,0.015795849771691017,0.027602912330948026
587,2021-05-04,-0.03538600322968566,-0.022034541333801894,-0.015471179837183047,0.015495279060521616,0.013824023236931327,-0.006240648474811983,-0.01308190811666976,-0.016159594989188286,-0.009850560217500859,0.006290375700044537
588,2021-05-05,0.0019556075433428965,-0.012479432999494278,0.003441883699037973,-0.0041722512613582285,0.01312038478087918,-0.00258594583702465,-0.010491176859589446,-0.005327275235922468,-0.0008528750941450003,0.030072905029262964
589,2021-05-06,0.012802545429930534,0.010955401769447537,0.009754798755766014,0.004010198982815183,0.020124327674074793,0.010000081991407228,0.015871783808968365,0.013226802158891271,0.007140221806408054,0.00951285383265943
590,2021-05-07,0.005327031764038814,-0.0044640578502762596,0.0062378842284651626,0.004530943200474091,0.0034228055368703547,-0.0005499918211547827,-0.002937212505465081,0.01093180873747479,-0.0060261690452025896,0.014297326289268275
591,2021-05-10,-0.0258042284020793,-0.03072052637375966,-0.025587646183815815,0.010504318888304498,-0.0001240235161472647,0.007338126107188536,-0.041086919263766064,-0.020914298729337255,0.004422281127304695,0.0024027417956891117
592,2021-05-11,-0.007410353634049516,0.010474816917876772,-0.00946435961908143,-0.008163470438288689,-0.016623253051705977,-0.010745017672243673,0.0018303253793392482,-0.0038433909848414327,-0.009018654969182749,-0.03179936692731178
593,2021-05-12,-0.024938359473884897,-0.022323796765424953,-0.030752390713646216,-0.004026526233340211,-0.006875104703539692,-0.005154590858426067,-0.012984130507157965,-0.029362755051166478,-0.0258688410055683,0.005358290702825785
594,2021-05-13,0.01791963083532444,0.0030235440044839024,0.01308491123710076,0.010463613034046526,0.025722323169543593,0.008697354907875043,0.008957315637540875,0.01686190146018407,0.01691918868500264,-0.012325082128027964
595,2021-05-14,0.019844676370936343,0.019430851184491837,0.022134949880905364,0.0015299081641557688,0.015541876206813576,0.004035871889820797,0.03498653635436222,0.021067308944318297,0.009259455790425086,0.024789368654634103
596,2021-05-17,-0.009258541736267278,0.0147351540352203,0.004626248346297324,0.0009987329768932351,0.004023863005606199,-0.0016443283615172888,-0.0015192591358038632,-0.011968471300763284,-0.004515826817181989,0.023366654142826127
597,2021-05-18,-0.01124567238331542,-0.011653058569779051,-0.011555816109516392,0.0003521726266684233,-0.014088323289546567,-0.005490743339735871,-0.017435079743530646,-0.008565138278728957,0.02174386216357771,-0.028300407840728625
598,2021-05-19,-0.0012814838054207023,-0.000148514828115065,0.003991356051250339,-0.002170743283447907,-0.007638055498944585,-0.0031282817972929644,0.011711322930082257,0.002474052670192961,7.069458198949441e-05,-0.023994790870338623
599,2021-05-20,0.02101206949436918,0.004913709794237331,0.015606514962435147,0.005820767953738759,-0.0017378376618254476,0.00886103790688142,0.016008111650139822,0.013820280429342802,0.0035228978062809,-0.0023736649196428594
600,2021-05-21,-0.01476703381656519,-0.013732853548741542,-0.005557290590258779,-0.0006427923441767458,0.011378425248337543,-0.0005488037552630054,-0.007469890683584723,-0.005314866119068951,-0.0047044443581973905,0.0013594524237698913
601,2021-05-24,0.013314244435440603,0.013084215261017773,0.029165749593302204,0.0038256252447481653,0.005410140071610003,0.003295360183443563,0.0265631413192966,0.022882123582000702,7.077438080793641e-05,0.011710923881351976
602,2021-05-25,-0.001573743662942384,0.004332851226203749,0.0007750966622754873,-0.0027559201446643034,-0.010333919744371811,-0.0001825954390406448,0.009734098241059641,0.0037484286915390186,0.004091483155128861,-0.022647235332690863
603,2021-05-26,-0.00039394822079663605,0.0018747562447005706,0.007380927452708574,-0.005938584319118867,-0.00012344909056849485,0.004380424165861152,-0.00039662619084035455,-0.0009137697692210844,-0.0011942423865550778,0.011671947393502746
604,2021-05-27,-0.012376932820799436,-0.010734558114025683,-0.007406542269004612,-0.0015377218518558555,0.015571698166297887,0.008358974903604821,0.015534353506090115,-0.008668438975063975,-0.003376428390121866,-0.006447176694732604
605,2021-05-28,-0.0053479046747445524,-0.0021794289420000723,-0.0024675826578329785,0.0026066086705374136,-0.0006694847179973262,-0.0036042649244829583,-0.012081171288144676,0.0014843230665904095,0.002399614013244067,-0.003244661774764568
606,2021-06-01,-0.0026482293010130498,-0.0013714148069622345,0.010322966413477408,-0.021979402950733973,0.01102074421095467,-0.0001806569281691539,0.001216697194813099,-0.009131911753277655,-0.0026051741221713165,0.035805980356316214
607,2021-06-02,0.006276105872178972,0.004765962837133042,-0.004447264330267764,0.004047625854547654,6.026757761778967e-05,0.003979735856836086,6.074224216434665e-05,-0.00040406968262152176,-0.00218826599193489,0.007939289302894004
608,2021-06-03,-0.01215409109218557,-0.014526941142032901,-0.009706560280696164,-0.0009627523179657205,0.0006622778249218975,0.002522498460534095,-0.009448302380811069,-0.006429364369396451,0.0017687675191750962,0.003938339377027367
609,2021-06-04,0.01902211908905649,0.006027657821926935,0.019590360668836126,-0.0004214194230708346,0.0016247993095697133,0.01078356314899609,0.01321910216817268,0.02067458255866761,0.0017653005757196638,0.004413018322176221
610,2021-06-07,7.94466043967379e-05,-0.0025606925929613222,0.00364727582677693,-0.006808577349178058,-0.004686215780633218,-0.003556120351500991,0.018858777452553488,0.012041926880370868,-0.0066971108104175725,-0.006509299798977963
611,2021-06-08,0.006671866620803657,0.020669153552085318,-0.0016067595977292681,-0.008796536811211952,-0.003984202403878423,-0.006959304835881364,-0.008616053637805599,-0.004885461961099402,-0.007594001737519784,0.01769033525702346
612,2021-06-09,0.003077205945867245,0.005220349302289318,0.003960982113166978,0.013464737359387913,-0.012484893624991722,-0.0030549595157000065,-0.010279392638325224,0.004038514254902648,-0.005363809665776098,0.008369693990003313
613,2021-06-10,-0.008023221868838637,0.02087684594544914,0.011291764693554862,0.008998191629865815,-0.01558877718552365,0.007750422323719031,0.006691955292590368,0.014393135939371415,0.0057521750879843125,0.0015961549238434625
614,2021-06-11,0.00983251872620805,-0.0008418265339896758,-0.0020243808949542696,-0.01268868041862481,-0.0006856477687519069,0.004471566283569706,-0.0036094172902698674,0.0025270647686934655,0.006219927861683905,-0.00924301795432414
615,2021-06-14,0.024578083439040332,0.011067127216432215,0.007698844397827864,0.0024858958254776464,-0.016968895686701457,-0.0034086350827355894,0.016633474800721082,0.007755132222974304,-0.0013501144976328927,-0.0016084784687284692
616,2021-06-15,-0.0064376764146161225,-0.0002186996793457352,-0.008379268807682139,-0.0053215546352435306,-0.015168033874883746,-0.0025202871287285378,-5.945555697117744e-05,-0.005887332854651706,-0.003984272526388888,0.03641054520041309
617,2021-06-16,0.00393384989253498,0.0094941835711142,-0.005328606255353474,-0.0003649843485623583,0.007024077338823709,-0.013354972626648198,-0.0168375179381961,-0.0037928330224374918,-0.02035699952038872,-0.0035754950008830555
618,2021-06-17,0.012600914716156097,0.02166464377780497,0.008039805015652046,0.004804620660006975,-0.028860371796175732,0.005121629970373132,0.016400982687769128,0.013676164847509442,0.004156216721592942,-0.0329172398448363
619,2021-06-18,-0.010091935387594564,-0.0006706583139327593,-0.01340927584223739,-0.019610342460432584,-0.025302978946432853,-0.02147421848628206,-0.020355910358753837,-0.0056343773394605945,-0.018516074295563567,-0.025649290666176938
620,2021-06-21,0.014104245119738179,-0.009446804682075038,0.014166007755279209,0.011483052108250291,0.016968717588387028,0.010972740264984626,0.007977746986921108,0.01233474071567664,0.009099741095986102,0.03625825715069353
621,2021-06-22,0.012697874171472945,0.01490466106187549,0.004252516903975767,-0.0013429458412325124,-0.0014627552743324834,0.0036792390370390393,0.0202836140520799,0.010965997789269766,0.004618765102255118,0.019172512598503832
622,2021-06-23,-0.0020897182755796884,-0.0004621896804161141,-0.00166343157009885,-0.006050315701823239,0.006058423717124839,-0.008064605765555233,0.0046012667885591,-0.0009039556124810222,-0.0078086489187518815,0.007367859735687432
623,2021-06-24,-0.002168841649526798,-0.015622946391951387,0.003054128455680427,0.0045500575588992564,0.00919806375848542,0.004989035862303481,0.007604424704519053,0.005352864351499953,0.006987419260378935,0.004045955879487195
624,2021-06-25,-0.0022488172110071147,-0.013806561613952328,6.932625368261114e-05,0.005141605251445025,0.010097481612431958,-0.0012869788266977045,-0.005274176423029631,-0.006261500794659813,0.011832621482478656,0.002169991820713202
625,2021-06-28,0.01254647031240097,0.012474089136242261,0.00022454121163217877,-0.0011571166876835903,0.001817593908924886,-0.0011046733629315186,0.04180238190893104,0.013961186639204204,-0.003104105251482747,-0.025518148115882933
626,2021-06-29,0.011499718665752834,0.0012340341405479016,-0.0021503029966697396,6.132444838602424e-05,-0.0012310334409623147,-0.00737171557076699,-0.010544523792268223,0.009973037610608415,-0.005792641507121776,-0.006189438711916795
627,2021-06-30,0.004621332697638092,-0.0023143032508132766,-0.0014967477460077205,0.004328325015827916,0.0090824376850287,0.004641640319299922,-0.011878734884667397,-0.00184221423933284,0.027093852037228583,0.007346048332997013
628,2021-07-01,0.002263381769391115,-0.0020900020900020966,0.002907757184192228,0.007405846448625963,0.00990111463929444,-0.0027722794470026457,0.019211511320830654,0.0025840005144339706,-0.012055073633681301,0.0028534211962121248
629,2021-07-02,0.019596286733922996,0.022723749230608936,0.022973535587177185,0.018196895461629836,-0.0009604869935798677,0.004077058133361566,0.0008747437128500124,0.022275345173920602,0.005670518642546529,-0.0014228311345051425
630,2021-07-06,0.014718737781550306,0.04692710742205475,0.007444742025047857,-0.005976829091478786,-0.016791473125908896,-0.005536990865631863,-0.005413052076032265,3.599890563332764e-05,-0.0012131631284262312,-0.028494502155561596
631,2021-07-07,0.01795549020635656,0.005669564076709488,0.0022504945930950093,0.00857283919197549,0.0011730813404098317,0.008166304311567618,-0.006491346121487163,0.008175342871518998,-0.0016438181683408049,-0.01564283134223321
632,2021-07-08,-0.009199966507418278,0.009422227593882448,-0.011306579426264785,-0.0019481868874035024,-0.017253590467726676,-0.003497822203813228,-0.013809306554530498,-0.008966438905841256,-0.0008590791278281218,-0.0044694189438777565
633,2021-07-09,0.013054774126945778,-0.003234704202571881,0.0037946119745806417,0.003962745707998039,0.03199955748629413,0.006096339768773662,0.013800147854595712,0.0018745245491345042,0.00508660104210823,0.018124517391035155
634,2021-07-12,-0.004203436361227997,-0.00021234814297532711,0.011607883753853354,-0.0015907131894637994,0.014315813437672853,0.0003673048049714911,0.007819256386839335,-0.0022307448701430754,-0.0017820046428445036,-0.0009801260278903268
635,2021-07-13,0.007889182800540295,-0.011076947823728367,0.0028823784462697066,-0.0012389063580913184,-0.014873498126648732,0.009911894539629706,-0.003029896341663618,0.013197685181900898,0.0037844027525331114,-0.004740695170441955
636,2021-07-14,0.024100295406556338,0.0011747744165069296,0.007032282364141551,0.006793860920573103,-0.0034050042845963358,0.022537277527288957,-0.01266736149383818,0.005445154785678863,0.006900078084024486,-0.022175092930713514
637,2021-07-15,-0.004491920090840873,-0.013711143174944485,-0.009607271480432056,-0.012029307835250247,0.00219201068039232,0.0031992750215816823,-0.00911864887251801,-0.005238542898635679,0.0007768655093733923,-0.009742901767335166
638,2021-07-16,-0.01407586244597947,-0.01585423166667732,-0.00027552430779742565,-0.001603751344799953,-0.022835437111607737,-0.0007083712933818598,-0.009580263334243777,-0.0009962978682228618,-0.0007059587941460332,-0.027650462313875912
639,2021-07-19,-0.026914468878733167,-0.006727030092302577,-0.018839024436938523,-0.007257093219351196,-0.0325193513739912,-0.011879590623641079,-0.012340149544458945,-0.013321707307838548,-0.002331034608506033,-0.034368469755594044
640,2021-07-20,0.025973723694545203,0.0066486136498793424,0.013096148291202425,0.009407889773259903,0.018643455739186576,0.0017944357431225466,0.01397819192479055,0.008339084511680639,0.004531581804465334,0.011020678952013752
641,2021-07-21,-0.005131485144022507,0.003361110852517335,0.010613382346774447,0.0061741468511467,0.021040307401443803,0.012896448553287865,0.013375893540187977,0.0074466402874691084,-0.004934138963787027,0.032165956921859085
642,2021-07-22,0.009628795819684122,0.014735635895966048,0.006840334282589122,0.002890609650139986,-0.012625876712530903,-0.0014149963974280366,0.0143257582043268,0.01684443546379244,0.0007084091634717016,-0.011253441188173396
643,2021-07-23,0.011988805533268643,0.005115384934792466,0.03576888673568224,0.010648382103617182,-0.0019211844460250704,0.009562911588183232,0.05296286013807783,0.012336889842259113,0.008211263643640665,-0.0012258533052111886
644,2021-07-26,0.002894634199235524,0.01180863619816197,0.00766856831955165,0.00046596645651408863,0.006704634071197368,0.00087688046383394,0.007220369743481836,-0.00214074051679225,0.001404284400928768,0.025245619264872232
645,2021-07-27,-0.014900407297533946,-0.019846876786293155,-0.015928741971092397,0.004596329154796797,-0.0013190554473243576,0.0035049109570863823,-0.012484743685661326,-0.008683423237241028,7.008161306876204e-05,-0.011114811549281178
646,2021-07-28,-0.012195957526999535,0.0010837371680696428,0.03179682597447431,-0.0027801938621119238,0.0016507697340468752,-0.009081247580610796,0.01487186618648595,-0.0011168892232149563,-0.0040662411761823725,0.006743685993469306
647,2021-07-29,0.0045524026299750275,-0.008373940689987869,-0.0023256983849662127,0.0,0.008569787671393714,0.005463366971250716,-0.04007720906341328,0.0009782322266103094,0.0012672162850919655,0.012195092382026873
648,2021-07-30,0.0015106981115522444,-0.07564890713277761,-0.00774052357226418,0.00011622775812991648,-0.007974116301122547,-0.00035055259598404387,-0.005637421989310609,-0.0055496752361815505,0.002179171387605594,-0.023078102380763577
649,2021-08-02,-0.002331359242590758,0.0011690369463182027,0.0009500906640003137,0.0004066484692322181,-0.00401865330200557,-0.002630104973805669,-0.01220873369456843,-0.00031617980841669446,-0.0023147602478233997,0.0001738582248664855
650,2021-08-03,0.01264442356105211,0.01043374884144277,0.005750692582716654,0.012306202051330928,0.011377845030639655,0.0007032778014530727,-0.0020173207840670226,0.008075440143071155,0.011249834991804875,0.01076737155055607
651,2021-08-04,-0.002782357079700981,-0.0034222398904129037,-0.0037196910179081444,-0.005906268146356197,-0.010792033567809223,-0.01440617492199936,0.021865326026268672,-0.0021245003158458786,-0.006813712418466622,-0.023367647476498554
652,2021-08-05,0.0007482962716838237,0.006340362999381677,0.008332921552718808,0.0019033946624769094,0.012628623605347,0.0071301679226023484,0.011283931790132762,0.010506017392783562,0.018551994082591117,0.006333511587523821
653,2021-08-06,-0.004766648920636496,-0.009197334693852421,-0.0037651665243555454,-0.0033393917933504103,0.02840374724033712,0.0024779104383814143,0.0014876463326756184,-0.000207576293603573,-0.0017869729720547678,0.011538598406477751
654,2021-08-09,-0.00034215904924661533,-0.0009177334401756498,0.008652772345221882,0.0034661840512359987,-0.0010793340590830036,0.0001765838214926596,-0.005226780366245243,-0.0039036610949982897,0.002409950049725662,-0.0114069778698066
655,2021-08-10,-0.0033541353577154487,-0.006340816609805455,-0.0007741163538793616,0.00034551158634954504,0.01226726160744529,0.0026476691055909995,-0.0013272973130671328,-0.006555076120429382,0.021294014239107595,0.017132795344660057
656,2021-08-11,0.00178589029757803,-0.008603643493863333,-0.0038595232499164522,0.00017234440139457519,0.011929979454999184,-0.0012325276193030366,-0.003240082140336442,0.0017804908363376892,0.008945508317469653,0.0029221755042876385
657,2021-08-12,0.02077322636165979,0.003459810192938395,0.006714179433888301,0.008055385864366826,0.00390930431089509,0.001939108597208028,0.007473174719733411,0.009967092979500158,-0.002676147879388413,-0.0022617066399246433
658,2021-08-13,0.0014104833905301817,-0.0028848279463596915,0.0038885582012064823,0.005993186611279455,-0.011187476631576154,0.006861455727993571,0.00146148005217972,0.010489412869881587,0.003153051795253825,-0.010113342459800334
659,2021-08-16,0.01354787841514371,0.0015239472057770875,0.004225926372747546,0.009021183150101031,-0.006563170448311673,0.004368316749880252,0.009306726217158001,0.005975751140389951,0.008158863098734148,-0.014620445170979823
660,2021-08-17,-0.006154310373334249,-0.01728702615047184,-0.011915192863676372,0.00916558630324027,-0.012081047816296597,-0.0034796069452386336,-0.022124595136749248,-0.0051595936949213606,-0.00033168608784461817,-0.006792768322728571
661,2021-08-18,-0.025500844080684093,-0.012566487390164305,-0.00887250622943081,-0.01270397150412128,-0.009107420992306103,-0.013617115362617893,-0.008369318824386074,-0.006118952664999955,-0.010617154504390158,-0.021058459154582265
662,2021-08-19,0.0023233338042241147,-0.0042078187123096855,0.0017054707161647809,0.007788129756894024,-0.00835584292692726,0.006371603032821138,-0.0009284660598496419,0.02077520443832981,0.006773928190877632,-0.030520248605064526
663,2021-08-20,0.01015639312533212,0.003827154714335368,0.012894266448169711,0.004872247143203445,0.0028518950501728035,-0.0038690406035957192,0.0119676430711817,0.02557512223945424,0.008926715676529806,0.00018970847677013403
664,2021-08-23,0.01025713386373761,0.02060035500127988,0.01900612700387594,-0.004316786204346168,0.012797310092604652,-0.003531366089218446,0.011075009003654879,0.0009529255010585214,-0.006602901678854911,0.04114515236229854
665,2021-08-24,-0.0006012416202731963,0.012220318769066596,0.008711645819710734,-0.012499337819027012,0.00619003968937526,-0.007618534038922431,0.00594478575696078,-0.006663400406026754,-0.010302209708080046,0.008195096813490732
666,2021-08-25,-0.008421298511313569,-0.0019965141547840792,0.005787193092092968,-0.006613874835118327,0.020612981674704933,0.001071263417664614,0.007879314443432373,-0.0020158100119470612,0.0004027730074305236,0.0018064736320402286
667,2021-08-26,-0.005527253175899638,0.005098257262930783,-0.004493899975560267,-0.00533774570239387,0.005157775136879428,-0.009452439277480518,-0.010885240558247467,-0.009668419356049673,-0.010808114237244593,-0.01352331243708782
668,2021-08-27,0.0071847955538753006,0.01014175672465778,0.01812407556587492,-0.0021350165044569103,0.00803678740082403,0.001980497272474402,0.022641194412035937,0.0021063104391549903,-0.005633019695358343,0.019375022035425626
669,2021-08-30,0.03041715371012832,0.021476998866989616,0.004072826261727336,0.004221548690204635,-0.016007188680805085,0.00952401558587268,0.021549507996729833,0.012912126868707574,0.008053680606879832,-0.010937961112313599
670,2021-08-31,-0.008424619163461489,0.01438520002272603,0.000740034774718179,-0.003052039919626548,-0.0030543101975719633,0.0023139163664176454,-0.0033624633706418328,-0.005632638865489814,0.002708036865043839,-0.011602407367378276
671,2021-09-01,0.004478849557103537,0.0023654092095504176,0.0035798426438586883,0.003523418449858262,-0.0014377691041188578,0.006748417039905252,0.007037609584905402,-0.00016544101833615432,-0.0021606277098967785,-0.013756636132749356
672,2021-09-02,0.007474607142315959,-0.004564478889317991,-0.01328035219615653,0.006849440305646937,0.004633374501879173,0.0014111144408850418,-0.017720032186038237,-0.0022529723191417883,0.005278277421362443,0.02436313056141559
673,2021-09-03,0.00423076023998048,0.004311086264728647,0.0031581106095681655,0.0006285625199899947,-0.006045096784631165,-0.0007048726313887421,0.0026114162894907977,-3.3231504012687374e-05,0.0046442047751606985,-0.0038126021429049084
674,2021-09-07,0.01548929904864571,0.008982024369138308,0.0037638234752339628,-0.015539265686464576,-0.0017559006648957265,-0.01868494152386535,0.015733709530912687,-0.003188016742083355,-0.013266196094801286,-0.005832027121783434
675,2021-09-08,-0.01008411267392828,0.004619174430729789,-0.00408592056052548,-0.002437388481543734,-0.004459753605263073,0.013472419323594886,-0.0120623578608412,9.991117717000897e-05,0.0012902238444469916,-0.009165911358664625
676,2021-09-09,-0.006704776110957988,-0.011726004336084506,-0.0010440333456820383,-0.02228042801284902,0.004353635782769816,-0.009925540145302558,0.0011388186540450818,-0.009859520140903966,-0.007052701450199095,0.0007400528784671234
677,2021-09-10,-0.03310188247039714,-0.004308001431212238,-0.01856593828781572,-0.0065449721399457594,-0.011495640039743349,-0.004475452078481323,0.001825326067613986,-0.005181173811281248,-0.0036196635107248465,-0.002033661147369026
678,2021-09-13,0.0038934147189546575,-0.0034532897607970625,0.010338799635548401,-0.007006870985825531,0.015886944006735293,0.008271804688781081,-0.00575652364320145,0.004328886567964041,-0.005689392195808551,0.02575020771121772
679,2021-09-14,-0.009561762223724513,-0.002073980962099431,0.001489389920854567,-0.006031606463853478,-0.017452575856500063,0.0007188452830519942,5.3016742507461245e-05,0.009427797494778511,-0.005239438273346053,-0.014267543788583414
680,2021-09-15,0.006143481300447284,0.007475391332653958,0.013224081721552539,0.003762082193200733,0.006939580994767436,0.0034118273968080093,-0.006931592014909227,0.016778495484679246,0.001732896827825403,0.03371186188543218
681,2021-09-16,-0.0016104519157137398,0.0035819053548502566,-0.00567410139733282,-0.001208819946589057,-0.00044277551020410755,-0.009484714747510337,-0.0023000346790150727,0.0013122170629360497,0.003320409301476257,-0.010634410476127454
682,2021-09-17,-0.018348085599000363,-0.007373319866162298,-0.019566927973988846,-0.002844937210595644,-0.0025932570742616123,-0.016440870381777217,-0.02235563529670348,-0.017528603188233682,-0.0020684401945186837,-0.011823797357027876
683,2021-09-20,-0.021361055205677326,-0.03084174438431353,-0.014776282945877073,-0.005705475730970577,-0.029934111873891722,-0.0069801733306360525,-0.024731303669587867,-0.018574494786943285,-0.013749483599176937,-0.02664975465547914
684,2021-09-21,0.0034279425221757087,-0.0036057473697842513,0.0022601650866547196,0.0043951157562049925,0.00013088840249975142,-0.0001849162701226259,0.005004227042644693,0.001698635302301188,0.0019613172056442973,-0.0009311644317745449
685,2021-09-22,0.016872660030326614,0.01089234819407503,0.008994158112828998,-0.0036463935205612863,0.01915255505623925,0.0014800072334031356,-0.03991836317494668,0.012822312932244229,-0.002307345669541161,0.02926907592906347
686,2021-09-23,0.0067190947499002895,0.01063594079605279,0.006647323057465959,0.005673018049414447,0.03380168880915502,-0.0016625777706729128,0.008012555542800337,0.0032823866533953083,0.0005607428806013726,0.033870903266336905
687,2021-09-24,0.0006128219322609763,0.0027868730462519142,0.007074183104694098,-0.003032893995600694,0.011539869299474814,-0.0027755775646812753,0.020233554913533736,-0.0007009314670866074,0.0028015483667489516,0.008934893544051636
688,2021-09-27,-0.010549982796861479,-0.005756835077931344,-0.00803706094094181,-0.007240337441634104,0.0241660364959142,-0.005195930275471716,0.0017566627746872232,-0.017304309298183274,-0.006425737655025965,0.029692484962376975
689,2021-09-28,-0.02380138772408502,-0.0263784679831095,-0.037158260055145775,-0.0022061776591664195,-0.005390081129056146,-0.018093784840798932,-0.036568789418415015,-0.036203654180888334,-0.012302442222429932,0.010455160936495345
690,2021-09-29,0.006483301065019376,-0.004475351789266391,-0.010870463957332266,0.007431885049416831,-0.0007829950150146647,0.006079265092646446,-0.003053043630967589,0.0016932955705000197,-0.0004269398068401653,-0.0006673298540947892
691,2021-09-30,-0.00931200090266382,-0.0048710792439015105,-0.0050424760040092,-0.015363846883308163,-0.013618336980111168,-0.009252306385274855,-0.0006477268744433662,-0.007323983744007778,-0.007547840273413486,-0.017702268024431866
692,2021-10-01,0.008127166129645369,-0.0005418778291703674,0.021447319749681615,-0.0063778341376165,0.021015306345659512,0.010482162170070142,0.010666055011450792,0.025468200640631267,-0.01671674021259517,0.035872123182668414
693,2021-10-04,-0.024605754760429255,-0.028471678341373097,-0.021117890230102576,-0.007789393745983864,-0.0010769871757566607,-0.000566123877644209,-0.048919705235740185,-0.020719478209049402,-0.009631685971225767,0.012965745744252688
694,2021-10-05,0.014158752120939644,0.00978753803838428,0.017682920863450136,0.0022610179377942075,0.016330400081087992,0.0016986752012515538,0.020629566112644104,0.01995688535085205,0.006557303500526412,-0.0016201783577109996
695,2021-10-06,0.006307131822065326,0.012732016728672857,0.011336304756897952,0.002067833511173456,0.002134534194397686,0.01186891880810248,0.002042311099155869,0.015064449587971929,0.007319641140648647,-0.018338191734295184
696,2021-10-07,0.009084348680627796,0.012391203105561077,0.012067137747933554,0.0089427362223915,0.006330433888175557,0.0031650359672037442,-0.013248103956731372,0.005936243912732619,0.01177142871245973,0.002810205074891492
697,2021-10-08,-0.0027216401726426476,-0.004181805261295635,0.004025877356605756,-0.0025413972305010635,0.0007642817929203183,0.004454355063589821,0.002521141866313803,0.0,0.0030164936208456616,0.025057762235817904
698,2021-10-11,-0.000629784856837845,-0.01286860335091844,-0.006234503440940453,-0.004225563293378531,-0.021031604656698732,0.002032468728228265,-0.013936899407745895,-0.0021026581827087165,-0.0009308458893734217,-0.009970981545752156
699,2021-10-12,-0.009103026020502392,0.0003172745113595443,-0.01774478965122428,-0.015974877663585407,-0.007681215242739792,0.0,-0.005162214776599949,-0.004588321200566958,-0.0010752475968850428,-0.0051980895863978915
700,2021-10-13,-0.004239916996018667,0.011378601203982708,0.008303623173699037,0.009575357904885617,-0.02636680005339609,0.00018465831977820812,0.0023782409054016185,0.011711287169996032,-0.007246325727915837,-0.0027762281445558035
701,2021-10-14,0.020225830579078785,0.004743759227551214,0.025940812945581593,0.0057162833548454195,0.015341438272193475,0.006821527474392797,0.012294390214754536,0.021733881660127574,0.010840427469908764,0.015228651230436041
702,2021-10-15,0.0075123153110689955,0.03308023939004423,0.0015370621969570397,0.007432419099488108,0.019208585710134507,-0.002380738643152247,-0.011475408301307444,0.004822602862388781,0.004861804261101499,0.009516113383312375
703,2021-10-18,0.011806178648047894,0.011064772529006062,0.009974265261629256,-0.007315487979553614,-0.0003601844119540676,-0.00991202132399116,0.032577804682998535,0.010124749236648745,0.008039837908637493,-0.00047925434989437576
704,2021-10-19,0.015079904301529501,-0.0007514424560826072,0.003214625062416543,0.023419800410220626,0.012128522952229659,0.0038934986771144153,0.013866543836521528,0.003058665299381369,0.021245055312179906,0.01502548572597151
705,2021-10-20,0.00336132936482314,-0.008446195751808605,-0.010248725300156303,-0.0005491619083757282,0.013466046493119999,0.008864208140914931,0.0023234931354545463,-0.0026600283603471775,0.009053942867452536,0.005511880053012952
706,2021-10-21,0.0014737372715438735,0.005841756945129006,0.0008253016094845744,-0.00232016962994408,-0.007843345040874916,-0.0051253891265553575,0.003228057001388951,0.010897405651387304,0.005547848940447464,-0.018167656001076837
707,2021-10-22,-0.0052849432501690385,-0.028954833317208384,-0.03044353443966652,0.001958298119627999,0.01345121851128006,0.001840098416777014,-0.0505149747703566,-0.005148743051204496,0.010421637185833221,0.006859142151424136
708,2021-10-25,-0.0003360811114958562,-0.004550989805058192,-0.0008685193065489649,0.002199084358105896,-0.004889920750590693,-0.004040700980918355,0.012569076909913823,-0.0033314996870508207,0.011594982245919372,0.019486570855460572
709,2021-10-26,0.004574761215514034,0.01677526160393561,0.013543262066497475,0.010178018518530285,0.0026907650301448705,0.004425606865171572,-0.039185896498351025,0.006425544388540816,-0.008729860402100775,0.023154667265981477
710,2021-10-27,-0.003147506420040913,0.004863638245470758,0.04959500857161814,-0.012126759766823647,-0.020828116994542234,0.019277029133779156,-0.011367579594044885,0.042114325367788696,-0.008201483918050534,-0.025972118283361878
711,2021-10-28,0.024991399803540926,0.01594115275917063,-0.0025203178464555664,-0.005435653800875961,0.015074974176631839,0.009366003461709349,0.015053544598432334,0.0036512870446290258,0.006235833910405608,0.002806964186637284
712,2021-10-29,-0.018155427482845155,-0.021511245053778105,0.015063596472027818,0.00018430711769790165,-0.0027591867761529443,0.0058882660711441215,0.0209831642642766,0.022414062794448464,0.006534014348650308,0.0024878705238715604
713,2021-11-01,-0.005607451499297422,-0.01610709978002456,-0.030726887468421338,0.0008596571815906451,-0.0005299967910114001,-0.003547777074286662,0.019810298012820082,-0.0067848248360592445,0.002476503860114887,0.0179930119793843
714,2021-11-02,0.007115777524706157,-0.0016154097805501921,0.013488070447386313,0.015764769974600856,0.003946347411595275,-0.001246177955361194,-0.005758070979111629,0.011415640804810279,-0.00046743378608493646,-0.01234192399228462
715,2021-11-03,0.009798599495205451,0.021507811127532195,0.008014123865855094,-0.0032005716369807313,0.00035162704045066384,0.003386736776259225,0.01079009792705743,0.0026116945773779765,0.003072391892048554,-0.013730402316946999
716,2021-11-04,-0.0034981611331258433,0.02748232410840923,0.011388235511417877,-0.002786906848908477,-0.013135371571649901,0.005507089636978435,0.012755621381845605,0.007305586321968649,0.007324548387769081,0.0075083262318138555
717,2021-11-05,0.003582129324923633,0.01207642928374364,0.003942013080967088,-0.007108391447613993,-0.001426354968586785,0.004240294067287209,0.01572131472273819,-0.0011295861196457535,-0.006940845569152976,0.009470597203038
718,2021-11-08,-0.005552747285369364,-0.008527948857282919,0.0012025593688107516,-0.0034264199732093603,0.006010387512014104,-0.008972626479672341,-0.0073578742472237835,0.0027673172901494514,-0.0063900621928479895,0.010765706706949985
719,2021-11-09,0.002459359465750932,0.025007238016599764,-0.0007547358357473666,-0.0022102414212054056,-0.007571363879926185,0.002840670648519561,-0.009597798411263625,-0.0030860679136055502,0.003483672418746142,0.009738523417443856
720,2021-11-10,-0.019162763131269744,-0.026334994227121156,-0.020313089840593324,0.010830427102676676,-0.0009538958174019063,0.004071511096245928,-0.02304922569917356,-0.015329914430649572,-0.00901267731933042,-0.019700666995327687
721,2021-11-11,-0.00033839231602761366,-0.0027425987825921982,-0.0008705142023521795,-0.00736635814553388,-5.931173276929602e-05,0.0003524115391670968,0.00030518623212993923,0.004927493968800656,0.00040402118757709715,0.001869338938476961
722,2021-11-12,0.014336978416021884,0.015162029225161966,0.019973516688644555,0.011958891868119714,-0.0044746771861906565,-0.0022909826189257965,0.04012335859947336,0.012904866254640268,-0.004982957747008077,-0.0076195054218014535
723,2021-11-15,6.664049563065433e-05,0.0058238044631160335,-0.001519885164232071,-0.009029710136541858,-0.0017978134175068439,0.00017650964088566923,0.019566360512583536,-0.0019303630284502882,-0.005752600890326476,0.008618131248689709
724,2021-11-16,0.006666724189210216,-0.001404486161877938,-0.0038800107780956328,-0.005198160701459176,-0.007204719163480422,-0.007064685875989629,-0.013235112964692153,0.010236368949552155,-0.025457909529576495,0.010098000478869551
725,2021-11-17,0.01649034181380027,0.0023441312596286235,0.001156187716278012,0.003749874742722259,-0.005382345971441382,-0.005514024781924642,-0.006385480828894674,0.0006784326331226165,-0.008591035011458525,-0.010919822432901238
726,2021-11-18,0.02853574923358515,0.04143700734081479,0.012101166449856926,-0.005389304445785448,-0.008633614926603972,-0.00894307839541475,-0.00610393679011878,0.00633983219500478,0.00859540181554963,-0.010884624276629173
727,2021-11-19,0.016976000670083202,-0.005273114275827329,-0.0060866659917394594,0.003017265015535342,-0.013063677332973422,-0.005053004398581473,0.01951637423889463,0.005391835289658253,-0.005378794066896675,-0.04621921657707351
728,2021-11-22,0.0029274523860423063,-0.02828730052206352,-0.017622857421486393,-0.01316209028125026,0.021315365389022123,0.006167184382942947,-0.012424054857135491,-0.009559425785831466,0.01678480337379451,0.013845300022842899
729,2021-11-23,0.0024221092057388205,0.0020909577736383245,-0.0035542531788371745,0.006199214396121366,0.023912063876006195,0.007391523344479234,-0.011025949905512755,-0.006327049756307712,0.007114297709953643,0.026337453475514527
730,2021-11-24,0.0032835046591508377,0.00010331533981333685,0.002318468183670319,-0.002800385992188459,-0.007843893712947136,-0.008053254083175254,0.011297258604020533,0.0006813319355949421,0.005006417545439401,0.005543860893957753
731,2021-11-26,-0.03167819967081753,-0.021184701669844985,-0.026943586510391748,-0.0064906613196688,-0.030127183850587325,-0.030669273027291277,-0.023280263436149973,-0.024355766740859264,-0.011191480379293628,-0.03512935037811915
732,2021-11-29,0.02187340054201714,0.016267432688752415,0.023543556060223514,0.003455138502911348,-0.00432285975750224,0.015819778270164342,0.014739327636186239,0.021081125137238255,-0.01566576836646627,0.005551137674284723
733,2021-11-30,0.031577826730619485,-0.015302274022490625,-0.024963567619396998,-0.023912359816698703,-0.014885687868064101,-0.03157306260129633,-0.04014441434422156,-0.01794248443299362,-0.01402242536861853,-0.028413702263082152
734,2021-12-01,-0.003206327943701348,-0.0180634873037836,-0.005962160286157703,0.01378819035517953,-0.005917896060284367,-0.0028596617057169427,-0.04271711358699937,-0.0015428766718003084,-0.024816988864197143,-0.0008355551189733745
735,2021-12-02,-0.006129969202046004,-0.0018468889124809706,0.013573036384441517,-0.006262852594346224,0.021027225824840734,0.0147227881558325,-0.000676041464800714,-0.0017875607797002147,-0.012177235030215505,0.02492045372101881
736,2021-12-03,-0.011724233415141283,-0.013839076006382012,-0.006746431064575287,0.014577957887021764,-0.018113374174260843,0.008855852151502752,-0.011437358311303658,-0.019666719690743628,0.01505877941086009,-0.006364051757227207
737,2021-12-06,0.021502668153813298,0.011086219388703134,0.008123142929113758,0.022336287092875162,0.011814010918595796,0.0255886337192055,0.035947296397321526,0.009845220466369264,0.010835356984826294,0.01133205513807245
738,2021-12-07,0.03544625378777089,0.027986504263362688,0.028741520194572656,0.002577863272587688,0.01504753015628002,0.0054636453081451375,0.015540602715294893,0.026763447697259135,-0.0032372576016647114,0.011204791053763152
739,2021-12-08,0.022783231318751485,-3.689871657430732e-05,0.006226691953418184,0.005998774084147396,-0.011441297865615208,-0.00380366736183424,0.024008065191535533,0.00014913101452229682,-0.010104644869168955,0.0028906436647271327
740,2021-12-09,-0.0029703095516783184,-0.011279643604146683,-0.0036980081483048988,0.009492573295009299,-0.0015554919545428536,-0.0025456177053495566,-0.0022385777313295163,-0.005582613765514721,0.01390918982447431,0.0025620865483155786
741,2021-12-10,0.02801338093317063,-0.011247564604614624,0.002458754254103468,-0.0024713658691202234,-0.003988472130762921,0.025884041387958856,-0.00021215305980659682,0.028339768984665392,0.018267065624741896,0.0063887061972105474
742,2021-12-13,-0.02067408583397856,-0.015356076499860039,-0.014695759360942584,0.017886315441946188,-0.011888383076688158,0.0262970298674301,0.014374437733388756,-0.009166503933828007,0.018010385051502098,-0.021901355423538105
743,2021-12-14,-0.008023256556811464,-0.0028071293797337082,-0.013162883843154893,0.010923051500557834,0.007661852987342455,0.0006926509687259497,-0.0022421605070239714,-0.03258718214527545,0.00954223815437727,-0.0014601873257090725
744,2021-12-15,0.02850911147886137,0.024977573145925636,0.017608601270438173,0.004991532240177676,-0.00747810538748761,0.004498291323198567,0.023730971636207743,0.019217816100807195,0.005726642591983522,-0.0043873274006570595
745,2021-12-16,-0.03926411751466208,-0.025641174633125208,-0.013630105958005068,0.010926708378983907,0.015638778093836292,0.010161872259906835,-0.0197856709849229,-0.02913471892139996,-0.016670178126319435,0.001632035076436722
746,2021-12-17,-0.006501349650133825,0.00678920370502567,-0.01883072826521104,-0.027628195440903114,-0.022754321872522132,-0.015686491257885016,-0.003314305404683582,-0.0033858604351033605,-0.03202156955825153,-0.02183483403821096
747,2021-12-20,-0.008122009086554582,-0.017283556389377508,-0.0008327224422443047,-0.0028535606203508035,-0.01798899776051721,-0.0032911274353031317,-0.02498574517796326,-0.012013344211717292,0.0032430587362484165,-0.014492686299935387
748,2021-12-21,0.01908657348807563,0.019978649621920752,0.01317386842341417,-0.0032189927770572835,0.013966492245765627,0.003997218802806568,0.026885798933610427,0.023069023174261405,0.003017324881629646,0.02265042817977081
749,2021-12-22,0.015318891632074338,0.0036381058820253998,0.020509272494519948,0.004305782110674894,0.003907632320137022,0.007097245106189698,-0.01122089698336004,0.018057252403498092,0.0012895211136367823,0.008099052213353275
750,2021-12-23,0.003643919043631927,0.0001841364158221559,0.0034251015940445217,0.0019056018944485498,0.0035738867339547564,0.0006875018969161317,0.01449533008298487,0.004471978975930435,-0.002217847349394564,0.0004919091897026551
751,2021-12-27,0.02297460861774714,-0.008178022851368039,0.00673854278082997,0.008439839288796769,0.005723229961268839,0.007385827982129722,0.032633277704431585,0.023185689150801103,0.00910469883981313,0.0142576998383257
752,2021-12-28,-0.005766977679810936,0.005843719029521299,-0.008245071664595205,0.004008041494730774,0.003034882157184393,0.003921493677179866,0.00011558998871641357,-0.003504135960475274,0.014350781527279421,-0.0032318008979497215
753,2021-12-29,0.0005018363994204744,-0.0085549217086347,-0.00021794588208667864,0.007044260520705725,-0.0005044810037068137,0.0011888616293402876,-0.009473641288342716,0.0020513289867960527,-0.0004902782079205803,-0.00875317829544131
754,2021-12-30,-0.006578148415344431,-0.0032890070546229833,-0.0030992198291321937,0.004430187970582367,-0.0005044118772269401,-0.0028838279144703938,0.004140463284173279,-0.007691342695734349,0.0032231667054125612,-0.005887030256353287
755,2021-12-31,-0.0035351297779139257,-0.011429400216389607,-0.00922354290120786,-0.0071963414452276275,-0.00082037988620276,0.007315536827472435,-0.023260367023379303,-0.008841148961807765,0.010616741285148112,0.006579904957009219
756,2022-01-03,0.02500379803415509,0.022118320898886212,0.0009629104238400021,0.002747312017662873,0.021155688399512984,0.0015198604824653295,0.006511060105891753,-0.004668578312677751,-0.0002763891749967273,0.03840503200485634
757,2022-01-04,-0.012691523448878583,-0.016915587005979504,-0.0040830740029574875,-0.002681271346288927,0.03790983010218585,0.016694845746360265,-0.00593727409063205,-0.017146977193080226,-0.018320230173053287,0.03761403027738841
758,2022-01-05,-0.026599822180755406,-0.018893091563845,-0.04587614982305166,0.006663284854873108,-0.01828226146941414,0.0082934439575717,-0.036727787794638256,-0.038387913627866865,0.01352131931198075,0.012437377563952356
759,2022-01-06,-0.016693256016211744,-0.006710981961323137,-0.00019966035406437932,-0.003425954577636503,0.010624006547117482,-0.0052642288172831675,0.025572946005163466,-0.007901802347929254,-0.0027793504036555117,0.0235205907371987
760,2022-01-07,0.0009884620200035776,-0.004287778294336242,-0.005303224912938331,0.013517499011969747,0.00990806662446464,-0.002315131751802535,-0.0020151307808959906,0.0005098125315989854,0.009545393781376754,0.008196710159454224
761,2022-01-10,0.00011592974295293601,-0.006570176170610398,0.012060717242810437,-0.004944012278235266,0.0009572240806929866,0.0016574311366919225,-0.011211925867133266,0.0007322178469895135,-0.0019322208415349929,-0.0059522581675828246
762,2022-01-11,0.016783956458938043,0.024002125643924677,0.007690814181186889,-0.010630140229332175,0.0010160843251381113,0.0003311669021026642,0.019203029599041743,0.0022595236361280246,-0.002835015672666419,0.04206210889578643
763,2022-01-12,0.002570052546423618,-0.0009373300985386912,0.012126280047607185,-0.008525631529287203,0.005672211323562992,0.001488826960433176,-0.003319559174168596,0.010444865228500522,-0.005270745727405712,-0.0029430784398241094
764,2022-01-13,-0.01902805472537905,-0.024169655027437842,-0.020104953774194634,-0.006066573752522952,-0.0012468404858103632,0.00594652608880053,-0.020344459534103354,-0.042322460712448606,0.014152482163470648,-0.007169329411417014
765,2022-01-14,0.0051108223265670105,0.005731487003565627,0.006447055657711864,-0.005451086057871479,-0.06146325641035755,0.008045853176255724,0.016601352187766594,0.017716514200301514,-0.0028185872779117327,0.017556473712322607
766,2022-01-18,-0.01889423857493444,-0.019862738846190164,-0.02496772854986784,-0.004408918084157776,-0.04192819223144373,-0.00798163412001951,-0.04142815812187506,-0.024339304591006194,-0.017510027075352208,0.016836120230375062
767,2022-01-19,-0.021024721693945536,-0.016477101806013472,-0.006481551870967661,-0.0031122022500044144,-0.015469010030135344,0.001641846964484106,0.004526116965194893,0.0022468391649208552,0.009963498594215192,0.0004104694730213687
768,2022-01-20,-0.010347235179248848,-0.02963230963415675,-0.013388695516230231,-0.007984217509308889,-0.008527312309072888,-0.004098350478496826,-0.009480805298233475,-0.005703250670503257,-0.018896505645978334,0.0021882117606317752
769,2022-01-21,-0.012765007556918562,-0.05950180896147472,-0.022174022230572743,-0.0022993863189227914,-0.017472703796085454,-0.004938131056138828,-0.0422986336057416,-0.018467970836460346,-0.007293649803001401,-0.015012913148406914
770,2022-01-24,-0.00486420652763031,0.01332698348311534,0.0034713886616883904,-0.01152436986481209,-0.0008962060026339591,-0.008106034549663299,0.01827385871573295,0.0011482748166662393,7.118598260102971e-05,0.008590860220659247
771,2022-01-25,-0.011384999502634163,-0.031533745543573244,-0.029578626556115206,0.028594465349755627,0.01090036020040741,-0.0023349678854396316,-0.027728477083795333,-0.02658813068812349,-0.02175473193663624,0.02939961356880172
772,2022-01-26,-0.0005632111015925201,-0.007954330670553511,0.018103666493487713,0.004473908578762176,0.00948640982785598,-0.0036777401616850947,-0.018390807660091935,0.02849298364688191,-0.010207643959492918,-0.010142593054452975
773,2022-01-27,-0.002943120533870691,0.005508645722495764,-0.001764288234697431,0.013125137378479534,-0.01764495176371894,0.0008391565735748063,3.403184566486139e-05,0.010548805070364375,0.0006628745401351388,0.0128084923108287
774,2022-01-28,0.0697777456981119,0.031084056738273746,0.03368853194116084,0.007034351441774556,0.008946002544830023,0.019949753767923184,0.02399518392699318,0.028081699078007727,0.01236756627911939,0.0021297201312997505
775,2022-01-31,0.026125749210165194,0.03886361030218932,0.014641912250284106,0.002910481145471211,0.013573828022304557,0.0027940277221727428,0.0382819510935013,0.008824104293986501,0.01665235657852171,0.009033015534190225
776,2022-02-01,-0.0009724722546528008,0.010830762802234384,0.01729807382129156,-0.008183676151692243,0.017160376958939905,-0.007375807818547853,0.01832345636878152,-0.007139077836075702,0.007867640711074264,0.06411287070648974
777,2022-02-02,0.007044069798241459,-0.0038427158906232384,0.07523764090682894,0.011060307729014118,-0.008005494394814794,0.010237775379398961,0.012539142940502401,0.015222313514398955,-0.0004258766675918624,-0.0025981780663741905
778,2022-02-03,-0.016719692763451977,-0.0781276325178123,-0.03317567272568511,-5.779758268353863e-05,-0.00826987244142352,0.007028417645364771,-0.2639009782555184,-0.03895226775222793,0.0009940784183679607,-0.011659503238531266
779,2022-02-04,-0.0016792955039703905,0.13535901735711864,0.0014188215996342457,-0.006540988092310962,0.025958149691550414,-0.010550251679001477,-0.0028180177462416856,0.015568529621729388,-0.011773987900037586,0.021711808961145884
780,2022-02-07,-0.004234841697756231,0.0018777353189827206,-0.028556973941664676,-0.003320866685109225,0.003343056039783132,0.01049874449848387,-0.051372888727306165,-0.016310443583680945,-0.009832707911959782,0.012037651424846807
781,2022-02-08,0.018466795965991656,0.022021627828944013,0.0014224301428751307,0.0026305200618113034,0.018815042477388966,0.00649360275723776,-0.021030525133381772,0.01199543829231553,0.0002172726597606811,-0.025852582067007468
782,2022-02-09,0.00829402293026682,-0.0013877341505965646,0.01573178250050833,-0.00011654493636892305,0.004168039143400026,-0.015483987340345062,0.0536833531204981,0.021834760056161695,-0.0021739181826117004,-0.0047873208739235285
783,2022-02-10,-0.02359904392072021,-0.013561706274733853,-0.02098995274307891,-0.012070796378298443,-0.004150738702015988,0.005570172294589781,-0.016939651063776706,-0.02837309084703621,-0.01169281683719292,-0.009620144972141254
784,2022-02-11,-0.02021846858095855,-0.03591110674363196,-0.0312904440568067,-0.010093269419778728,-0.013017078336972632,-0.017758250399284248,-0.03735701259877089,-0.0242740573377509,-0.005511653099062985,0.025178837685971622
785,2022-02-14,0.0014233644353192076,0.012221683270054351,0.009260328590087408,-0.012581026181146093,-0.009290644983227403,0.006468658009198824,-0.008426356933945889,-0.0001357524338472249,-0.010197258352447447,-0.015334402717596896
786,2022-02-15,0.023152288522795494,0.008658352201907249,0.007987489195740771,0.010325886816724639,0.014623771489864268,0.0037903751303804967,0.015158556768860798,0.018542421001341847,0.0031354946235326864,-0.012534925785062434
787,2022-02-16,-0.0013889082919447127,0.010159039538768955,0.008268024778284255,-0.0005976621493593015,0.0018098015341865281,-0.00016392330208458983,-0.020181086730533315,-0.0011671831527516607,-0.006251298139041794,0.004616006046151755
788,2022-02-17,-0.021269021948827738,-0.021808901106176726,-0.03774549713648345,-0.006100253369274999,-0.023032351102393878,0.02003269338516822,-0.040777613730940465,-0.02928214196972545,0.040065815159292306,-0.0015316360624414438
789,2022-02-18,-0.00935588052433134,-0.013261957754408193,-0.016116078294809877,-0.010718758065297762,0.004688739981162815,0.006761193556713785,-0.0074623379232992,-0.009631025535271287,-0.006408537153482441,-0.011121115581100849
790,2022-02-22,-0.017812196329597296,-0.015753494788264932,-0.004520744777305685,-0.013589354680310972,-0.0017746404516729708,-0.004157497294170032,-0.01979053538490827,-0.0007293677509013774,-0.011160012863669855,-0.011634164745540465
791,2022-02-23,-0.025864218586377885,-0.03575624663287669,-0.017143732802668565,0.0004964184599181021,-0.020938964485980427,-0.01107892640569419,-0.017962930338091043,-0.02589319840981108,-0.01026018494488723,0.004054628933547244
792,2022-02-24,0.016680318430679186,0.04509522427819257,0.03999594842196452,-0.01910454106999082,-0.02784309504032534,-0.017535306404605544,0.04610730253468698,0.05109368030166572,-0.003850518886517329,-0.012635172578731924
793,2022-02-25,0.012965220332092908,0.01605793012842116,0.013328032312573734,0.04970292976303625,0.02365967571689298,0.03867126463944448,0.013872678219824186,0.009233043759294457,0.013751497202542762,0.026912951252091366
794,2022-02-28,0.0016377569871317554,-0.0014662630028149382,0.004443628246033393,-0.00861446550528433,-0.04169766092096128,-0.009705750746492936,0.0026132836965058193,0.004978025701106947,-0.008945650955811235,0.007451111885233841
795,2022-03-01,-0.011627774274949987,-0.015765550251120253,-0.007371042636811764,-0.0034637321297184,-0.03772951746767239,-0.004338027503031805,-0.035729664659458815,-0.0128516215350446,0.006141193641662879,0.00956390342132285
796,2022-03-02,0.020588092996252305,0.0060241839623909055,0.0038044103204168955,0.012439173480316645,0.02074015512358529,0.007423085048616995,0.022703606076231564,0.017765443100740352,0.0012498469674864232,0.017178570741321897
797,2022-03-03,-0.001981204503895273,-0.027319556126581324,-0.004993720693473258,0.01469497887153004,-0.007107761346139774,0.0006407686506277877,-0.02469832068711031,-0.01422436912760705,0.022987891760011703,0.006332856650336671
798,2022-03-04,-0.018408123801975318,-0.0152637929917393,-0.014884345659493703,0.00593560815649008,-0.028129105883296424,0.0016006533414678614,-0.014337107388855297,-0.020478431684423093,0.025342712185603578,0.037635614467588674
799,2022-03-07,-0.023717767924763322,-0.05622045424233624,-0.041908499442835034,0.016108230939884338,-0.038616021609815365,-0.023813239207288284,-0.06293106549566596,-0.0377767852070392,-0.008051964751135454,0.03603304934943452
800,2022-03-08,-0.01167601083837888,-0.010465446730283379,0.005744755719145456,-0.020265991385709836,-0.007042913127904504,-0.03962045603973152,0.015042446206108062,-0.010971525339607657,-0.020682067493798084,0.007575386791750294
801,2022-03-09,0.03499761212431518,0.024001199930983708,0.04968729871199273,0.0037931325875855126,0.04006237215851938,0.0051144419090296545,0.04314450016098603,0.04585838910962048,0.005189582066830178,-0.05684631426579956
802,2022-03-10,-0.02718621027258461,0.05412515560997311,-0.007423775708340408,0.0017715207698365543,-0.011840579897655412,-0.01831764233328459,-0.016574262471506174,-0.0100866568523581,0.022730602179592108,0.031042307990052143
803,2022-03-11,-0.023908820274072817,-0.008806846762653975,-0.019323617058427667,-0.001827273698753018,-0.022523950502842394,0.0006911401928866301,-0.038932400080701646,-0.019328487523399995,-0.0039263507673291675,-0.005154865997178293
804,2022-03-14,-0.026562313796979486,-0.025229488143872714,-0.0301799791125289,0.013817422418790581,0.009931079935081355,0.01844136307539923,-0.005223503898610704,-0.012960794455643243,0.013936885173686298,-0.035798304130775005
805,2022-03-15,0.02967713851595688,0.038867730338306705,0.02577998212213961,0.025919051210794297,0.017745832155376284,0.01844882675513504,0.028934182065385228,0.038742360801486964,0.012009749980206097,-0.05691252951846992
806,2022-03-16,0.029015594405868317,0.038933563723705156,0.03159859933310427,-0.009197480922655044,0.04468596482995091,-0.002683804091666575,0.06040720474148564,0.025213469434345326,-0.002949589208166681,-0.003755638474981504
807,2022-03-17,0.0064539902038154295,0.027007748989816838,0.0041904313366969426,0.013064423860380536,0.012644519615363725,0.010595437419625542,0.020674658599312723,0.002819159612248656,0.0015193886004876145,0.02664795293097888
808,2022-03-18,0.020919085835823026,0.025512151358369817,0.017084106760809847,-0.011086054776898724,-0.0003566378174566509,0.00016654193890563995,0.04161874748565353,0.017648007350157258,0.002965197460721214,-0.003925256935381816
809,2022-03-21,0.008537471507017447,0.0014945523217748669,-0.00017642419020902356,0.005662454660814831,-0.003211978175715835,0.00798660739809054,-0.02309585465175501,-0.004227412288991705,-0.008319415370247385,0.044871047199222636
810,2022-03-22,0.020800544973035295,0.02103830044237709,0.027674321127433066,-0.004720390402425112,0.021267390636423578,0.0036315927726893182,0.024398340116204675,0.016379310435733707,-0.00298148351042693,-0.004379590344215978
811,2022-03-23,0.00823375962292694,-0.008981816492546923,-0.011385891776610313,-0.003771582852517552,-0.01991302215568802,-0.006578939467611011,-0.014724136543188604,-0.015029796998190625,-0.012865161613382803,0.015762467578540162
812,2022-03-24,0.022677951964713117,0.0014779010051912955,0.023840144890722836,0.005162261459563888,0.006510215753799731,0.009602601843024194,0.028623547321076748,0.01539249281931565,0.006199488728707125,0.003007307674443238
813,2022-03-25,0.003734017294791503,0.006868294014676479,0.0007133225704649693,0.009586979903797754,0.008742626069086157,0.009019428167338583,0.010247311611061072,-0.0013810663101669896,0.004340711014092946,0.021827784505284553
814,2022-03-28,0.005036467684121471,0.025592678900108856,-0.0015350914343722488,0.005143546729387882,-0.007398444132212467,0.00633810190607953,0.007979476433866761,0.023116573900360926,0.017776260145958345,-0.028051600253212405
815,2022-03-29,0.019134621166393195,0.00192027764251268,0.007422750019685731,-0.0005059118449092237,0.0022004925992979985,0.0038761733226104766,0.028042382265752286,0.015159407152172122,0.00842459170624621,-0.005313284819154496
816,2022-03-30,-0.006649592776404312,-0.01780118433038691,-0.003978652407876648,0.010408355068023178,-0.004533189494079881,0.0008043575852800799,-0.008744473988464785,-0.004914398843548495,0.017931238449495623,0.01711782364687453
817,2022-03-31,-0.017775666681676405,-0.019864567358571672,-0.0202271210040591,-0.013141115922812308,-0.030026879057433842,-0.0033757109539728214,-0.024094922627796556,-0.017683120254062823,-0.006338842468823103,-0.014203903570550014
818,2022-04-01,-0.0017181726007124976,0.003450973226124532,0.007787509075728671,0.005416692571634796,-0.007409143196394186,0.01403225982991807,0.011198194965722719,0.0036004930264748047,0.01403441537964456,0.006417139057660615
819,2022-04-04,0.02369332082988751,0.029264484561530857,0.020128519194889893,-0.009652530074598653,0.004434180759852913,-0.005248903449743936,0.04020454917272587,0.017936656466455814,0.00019868798980127167,0.0004813872717412959
820,2022-04-05,-0.018942053558266947,-0.025492089193307588,-0.01665021158455715,0.006460224083651767,-0.011637407735981986,-0.0011192308822838282,-0.008764691432575078,-0.012985288187702504,0.0028469767336605223,-0.005170580732759
821,2022-04-06,-0.01845072647828394,-0.032300120131985244,-0.02875727232088876,0.026011660802238934,-0.013874164078353624,0.010084777197302497,-0.0368359709020486,-0.03660564119768139,0.023238825085914128,0.011120182168084636
822,2022-04-07,0.0018039765247404027,-0.0061194323502751224,-0.0048298374370483454,-0.002579070428765484,-0.003042003988505071,0.005388300565356108,-0.001567329465628653,0.00624362678919943,0.010000771858624802,0.016736465175740678
823,2022-04-08,-0.011908924632239026,-0.021066740550443774,-0.01914059833206283,0.00198074073990262,0.018307909277242462,0.006147618536624044,-0.002780827732705604,-0.014600051480579634,0.005557479336186999,0.0210464916611659
824,2022-04-11,-0.02551577716016795,-0.021613947156313595,-0.03349150218975505,-0.012519234031766358,-0.0036704658097987952,-0.00031343283782947484,-0.02640219899237517,-0.03943171404135759,-0.019820735111281906,-0.034431206248670354
825,2022-04-12,0.01152353767955816,-0.002213363562407644,-0.008608659009098019,0.00033360023257689164,-0.010977823965331202,0.011753579895238397,-0.010718011041339626,-0.011217983631639505,-0.006870130400962737,0.02087060232821658
826,2022-04-13,0.01634226433643904,0.03152445706895657,0.017065303601079718,0.0042246700307047025,-0.03223331380977745,0.0026334560957816944,0.003969591956109353,0.019712432838940863,0.026039191722753374,0.014135626280794789
827,2022-04-14,-0.029988176295212998,-0.024652684274885983,-0.024358305009906434,-0.004206897277852617,-0.009269415068494546,0.004479926788138799,-0.02237336801174261,-0.027084574569366082,-0.0008904338453659122,0.011749655365228096
828,2022-04-18,-0.0013309513268103812,0.007109164667870926,0.007468713033985885,-0.012451303083663379,0.018553772591948237,-0.008920289453939967,0.002807251836764557,0.002465976702754391,-0.007639562866433192,0.008197708381931124
829,2022-04-19,0.014115225153276123,0.03488883060861969,0.018268987222035626,0.030507699001763422,0.02070680550854842,0.009776608550408294,0.0310290708746217,0.017040003517692526,0.011355120625042403,-0.008921475237141707
830,2022-04-20,-0.0010153552715442826,-0.026041044919075107,-0.015145384926611438,0.004424135980264365,0.00350804742280042,0.013677611021719382,-0.07772297526144778,0.0037152869462067084,0.012559408047545517,0.0022789794944721997
831,2022-04-21,-0.00484362452601883,-0.037026427673936824,-0.02519133802522433,-0.0028820417682188237,-0.0077518698450659285,0.0037900246634208212,-0.06162070001392672,-0.019381059335160322,0.0015035200630058032,-0.010573064074346994
832,2022-04-22,-0.027821297766371766,-0.026608937569704394,-0.041493552680794576,-0.00992588135690009,-0.028722419264489596,-0.01449930458970794,-0.02105600395637197,-0.024144436800193403,-0.018827817975150096,-0.021831554823606103
833,2022-04-25,0.006737016667014872,0.011943186356370372,0.02874149226829381,0.024622703845645466,-0.00031536055557779274,0.010574882002505559,0.01564273425970386,0.024413141864663368,0.0005099980173990382,-0.033712864337164694
834,2022-04-26,-0.0373278277478144,-0.0457507730510871,-0.03594583795149808,-0.0071502088321979684,-0.02958112141149216,-0.013497085165282474,-0.03230108797838538,-0.03740391815145261,-0.01045005184420189,0.0003646552230633926
835,2022-04-27,-0.001466978920297568,-0.008781047317448887,-0.03670871484390903,-0.01397007618514745,-0.013005928505205544,0.007840063238158779,-0.03315847672394023,0.04810912555469815,-0.006825296374809109,0.02855722585124898
836,2022-04-28,0.04515543329459737,0.04653418536434306,0.03699203574314702,0.007468513324121684,0.0158128157320645,0.009609522415645833,0.17593596552536184,0.02263231860968773,0.01277223465923405,0.030245681183407536
837,2022-04-29,-0.03660476080305586,-0.140494377749234,-0.0372334836289302,-0.01635219197591442,-0.03226865390703204,-0.02387074284591506,-0.02556747635512069,-0.04181170854623295,-0.02061308807242257,-0.02236222417348055
838,2022-05-02,0.001966632447182981,0.0017580913238786078,0.021676684110652378,-0.010085578664218442,0.009132128777487036,-0.01810868040152791,0.053175191242083475,0.025043034082720794,-0.0066018032022140405,0.01360701208862869
839,2022-05-03,0.009622494625742162,-0.0019799044812061073,0.006441618453172371,-0.001959121575278444,0.02141965809401869,-0.005674646684407092,0.004262693261408934,-0.009455826694226732,0.003487117305010612,0.020599325697288506
840,2022-05-04,0.04100828141883195,0.01348046853293483,0.041991304868888024,0.010712747522694466,0.033081308274104604,0.030913107428817144,0.05367175437923355,0.029100766042971182,0.013835130584541666,0.03980052134256029
841,2022-05-05,-0.05571616129172663,-0.07561036490424522,-0.04707551759877682,-0.019089821183833067,-0.025019506480561948,-0.007996300285318392,-0.06772315339398427,-0.043555160819088834,-0.008567973471701573,-0.015158003484082694
842,2022-05-06,0.004727417981215343,-0.014041240035030156,-0.006514637548800217,-0.0022064277538150767,-0.0016140528053875114,0.0035653512573405877,-0.02165347441299381,-0.009446289491482074,-0.020819746149601137,0.015280684932702071
843,2022-05-09,-0.033189436671313355,-0.05213354825727934,-0.027953383999816617,0.005443104733492854,-0.01503382557871824,-0.0020080132113430293,-0.03710070021868961,-0.03694570816143061,0.011701088566214102,-0.07885264649160773
844,2022-05-10,0.016112115262642,0.0006434445934944133,0.016745068441423205,-0.001353192003382242,-0.024372327898717017,-0.009286410725208083,0.007339152424221451,0.018595944072128168,-0.014077101979737106,0.006630319590340106
845,2022-05-11,-0.05184129821697059,-0.03203225709010704,-0.006927812135681166,-0.005421166887714324,-0.0063083501440732714,0.004686728246054317,-0.04507960111830289,-0.033209791742168204,-0.010457131548287313,0.020818499584260186
846,2022-05-12,-0.02689423226755905,0.014790404884573283,-0.006676711324562934,0.00987896691790957,-0.0008466531617579154,0.00310986566881688,0.013245629373335843,-0.019957586511469394,-0.000948479897685095,0.004539696009849381
847,2022-05-13,0.031916383634516876,0.05727556035084924,0.02841538607419891,-0.005734497818613238,0.008895388638997526,0.01875687686681582,0.03859027332759868,0.02259636743340887,0.0038649277947282457,0.02966399994858171
848,2022-05-16,-0.010672324746495265,-0.01985316173972196,-0.013834552376545961,0.006955349524239818,-0.006969364089566943,0.0036518518257102617,0.0071492133387667245,0.0014550753636375369,0.0010808288071331162,0.023520280380094016
849,2022-05-17,0.025422634971902003,0.04113327357999652,0.01772022896476466,0.004155161705845067,0.033147229621293794,-0.0027288255716096943,0.012897472904982221,0.020344291725751473,-0.1137576384014628,0.012754129919399393
850,2022-05-18,-0.05641894880593867,-0.07156196640827217,-0.03926661857274649,-0.018566135707327014,-0.017106064134180254,-0.06962622677567953,-0.05122876087747352,-0.04552958541333696,-0.06791013531266776,-0.015850775889274415
851,2022-05-19,-0.024641480434604235,0.0019278532990965047,-0.013543381048973235,-0.008888880209464878,-0.014821963988084885,-0.01960768075808772,-0.004941864930038231,-0.0036998166380882713,-0.02744437683920109,0.005405530469843045
852,2022-05-20,0.0017470977752043204,0.0025345295167615856,-0.013371474095678404,0.017477412738794662,-0.008198907640054709,0.016333204910863763,0.011762258127171465,-0.0022910706618187726,0.001091908876669212,0.007899952947942657
853,2022-05-23,0.04011938344398436,-0.0003160506951839226,0.02368973771021654,0.020415190136198635,0.06187142793212996,0.030829814860662053,0.01389884336018321,0.032031752608795205,0.028523651637455183,0.022098882469888004
854,2022-05-24,-0.01921618957615001,-0.03214110432537598,-0.0494942100313458,0.0109225714671779,0.01412529728223011,0.018453821239013957,-0.07618600761097538,-0.003951662590853,0.012479540334127126,0.0054319471526538265
855,2022-05-25,0.0011399393236299904,0.025696475417555487,-0.0015570010167074155,-0.009812503731114974,0.006964175953392715,0.000780786873227024,0.01406667418287344,0.01117022169692361,-0.006122865763944829,0.02012704181226832
856,2022-05-26,0.023199554503393394,0.04029499229486544,0.018784543963517697,-0.0008907857940283481,0.017290194951020244,0.0035899035161894854,0.0424305425016922,0.012875325515798952,0.02131807773380623,0.003530611699401387
857,2022-05-27,0.040756798405856776,0.036632083603781895,0.04196952449706037,0.009082882309162876,0.014137809318182537,0.005909957907681562,0.0182643630729713,0.02760456257562094,0.019682693045274702,0.00983030628165138
858,2022-05-31,-0.005346122569867551,0.04397010379074828,0.01286998475159562,-0.008614494529473049,0.0073130455144345685,-0.020099154393999008,-0.007635988836477314,-0.0050139375230372485,0.0011675253782066353,-0.01629264687506915
859,2022-06-01,-0.000873346385642515,0.012266042992872705,0.0011427578398091054,-0.010137494655641177,-0.017545142151417448,-0.004891212089074171,-0.025821304857794214,0.0020231368785923465,-0.024721946506370163,0.01916659128370779
860,2022-06-02,0.016810953864069278,0.03145034300738625,0.03275464796123928,-0.0031514026141762352,0.016088142898445623,0.010464722566051465,0.05417737881414397,0.007928557259292868,0.01642087513764845,-0.0017373429433298337
861,2022-06-03,-0.038555548116634974,-0.025185068024527135,-0.026198314786039067,-0.004120703391535363,-0.013939345991527463,-0.011925430424879924,-0.04063146797791228,-0.01660730478407524,-0.017175220389371915,0.01453848962661497
862,2022-06-06,0.005227981160655704,0.01994280728922404,0.019901207860201442,-0.00011350061870385453,-0.0033038611810126683,-0.0015880219952164598,0.01818847059950146,-0.0047031874906169335,-0.0035907993016285333,-0.0025228048650145496
863,2022-06-07,0.017585751608281575,-0.014344105316090427,0.002816273343859921,0.010997875386305367,0.0026211086512593074,0.006044313993077033,0.0072071280384475855,0.013953491640295246,-0.012012785468111575,0.04583179811550964
864,2022-06-08,-0.005043463930082925,-0.014796745486375773,0.00037986361681374703,-0.005943704655908322,-0.015914589274603874,-0.005691760650525013,0.0050600206881157295,-0.007669824485457832,-0.008673032281743875,0.0118019821836719
865,2022-06-09,-0.03595584573754851,-0.04150848957443054,-0.020124733055966404,-0.020137662635778986,-0.021015691939135994,-0.017331948950105813,-0.06427982924384834,-0.020783129725501892,-0.010465886322976292,-0.021607961542314702
866,2022-06-10,-0.038628470755358246,-0.05596211721574329,-0.03199358588927792,-0.0066776004512048015,-0.04596595726103714,-0.006310551408754139,-0.04581515455717311,-0.044563501902623925,0.005618798624457133,-0.018274181322334382
867,2022-06-13,-0.03828473656910569,-0.05453719355874542,-0.04290151532189557,-0.010084179890196165,-0.02977838831473134,-0.0011396858257913811,-0.06441885102918432,-0.042412853623945646,-0.01881665865251969,-0.04588899824214265
868,2022-06-14,0.006672514515758454,-0.013118555361940287,0.0030359849168162256,-0.015338774550796574,-0.016639334997228028,-0.027422039904057782,-0.0032267206360230283,0.009204943514440345,0.00041866866577855433,0.002607991867962456
869,2022-06-15,0.02011139954818897,0.052389802934770247,0.028571249391883713,0.010702353867910519,0.011835931668368938,0.007428575501424506,0.03432485574346433,0.02973547044140612,-0.0006696497584202099,-0.012590647267257116
870,2022-06-16,-0.03965130815133455,-0.037243378610853584,-0.03399095627417503,0.0005293711861611428,-0.017156222683066935,-0.010055485365994654,-0.05007372342957561,-0.02697009508172088,0.010387179512163058,-0.036885014943781935
871,2022-06-17,0.011532988169890013,0.02469609751257895,0.01046829469726629,-0.0036452724984352702,-0.0035264176171282413,0.006094632882560402,0.017840703754992804,0.010939910183002777,-0.01931698655685743,-0.05766507239831964
872,2022-06-21,0.03276063645629668,0.023159471438541024,0.04107113856773448,0.020948883165655463,0.024772056656414687,0.021369646655033714,-0.04085754226043159,0.024591437423870044,0.03280041466463546,0.06223902532689629
873,2022-06-22,-0.003827089886023982,0.0024843268523027096,-0.0005064670756057543,0.015779396880672536,-0.005611539924278652,0.007413414678781649,-0.00764089226225384,-0.0024041711578846048,-0.012113964078213524,-0.03957151535293735
874,2022-06-23,0.021574151552394172,0.0320330939965241,0.006767424923782794,0.022305651035568363,-0.010939430662920024,0.01193796875453268,0.018607677049469196,0.02263651366045827,0.024277221631366253,-0.030161803282585775
875,2022-06-24,0.024517054161125262,0.03575237064906034,0.051077273636289666,0.014639012618439695,0.029845437131726715,0.01874584806895574,0.07187397103101456,0.03414979625409065,0.0008089178659778096,0.019833519633759567
876,2022-06-27,0.0,-0.027820692849391482,-0.018152228571070905,-0.0009329412514152979,-0.008012280819918671,-0.0020621175975914507,-0.003937630549411986,-0.010496995089222083,0.003233056186999983,0.024510738183480374
877,2022-06-28,-0.029789827541937153,-0.05140434227234392,-0.03303025559777806,-0.028442666739466937,-0.004811740961319533,-0.010014328067326828,-0.05197933402394128,-0.0317487720842452,-0.014099375983585016,0.027743638801376758
878,2022-06-29,0.013023995524854337,0.014152668728781626,-0.0027318052887700395,0.0002827251742902881,-0.00448957531152705,0.0072254788422856375,0.020288692970322986,0.014738031389283313,-0.0036774617076840155,-0.036939911538196646
879,2022-06-30,-0.01802763151193265,-0.024880638358707907,-0.02451634620496601,0.0029377598390711857,-0.023330513397672004,0.0028694175397132593,-0.01640842695548861,-0.013179225506831815,-0.002788513421669525,-0.028143538132467616
880,2022-07-01,0.016163833550390416,0.03154127203651247,-0.0020694780995648143,0.011323532458682672,0.01278742563565105,0.02336665251799963,-0.007565951729433973,0.010707448965449062,0.00863630154314432,0.022302698857095793
881,2022-07-05,0.018930575019364237,0.035962053023039786,0.0416185788940131,-0.007687293908268389,-0.003803632344902108,-0.01708610786611131,0.05099055704443112,0.012597146654619529,0.013210576362304272,-0.03129624491191507
882,2022-07-06,0.009607402325695125,0.007312791463036872,0.011557185134333237,0.0008981864509667314,-0.006482133025017656,0.0020544315531358937,0.009394171446074795,0.012783006792330687,0.007082460419571834,-0.018040518355520785
883,2022-07-07,0.023999346284473866,0.01749322109655349,0.03675426499963308,0.0011216061744205863,0.025292964170594345,-0.007885144129685662,0.01425455839330625,0.008226657216310551,0.0015182915171463307,0.03194055302363874
884,2022-07-08,0.004714640963142669,-0.006791033294013538,0.0048028358899283585,-0.0012325276259892437,-0.003138298497026182,0.003656036367723159,-0.007607813604949554,-0.002756977224420143,0.0006382409886975804,0.0016289800112363473
885,2022-07-11,-0.01475768705107372,-0.03280250030721621,-0.0308075741516719,0.00039282114346184116,-0.013116349058444166,-0.0031674638117259457,-0.046816501141375255,-0.01176862500377751,0.00039895697423064647,-0.0051115697328701915
886,2022-07-12,0.006833772401662719,-0.022639810105564928,-0.014315786393698793,-0.014017434868419332,0.0009746603147533506,-0.0042898667531532375,0.002394209107039691,-0.04098153987584574,-0.0030294108650433804,-0.013311467347001726
887,2022-07-13,-0.002536675067521532,0.010803884746268588,-0.02339056140005502,-0.002331399795559519,-0.009383035942131412,-0.0046275388813221685,0.0013475879193505236,-0.003744941720054018,0.00239871567366734,0.004023643804855315
888,2022-07-14,0.020482463941115414,0.002083294604712016,-0.00885464142111414,0.0013679654234244332,-0.03493891712731967,-0.0032060545622635273,-0.03327421721308155,0.005381449175406283,0.01954228339496078,-0.020037799188668992
889,2022-07-15,0.011450087447543611,0.02639434033114041,0.012775319588600231,0.01451503132766363,0.04583340791117041,0.005146323412020148,0.04207529321377157,0.010390405102546074,0.009779271674205114,0.01683924658397462
890,2022-07-18,-0.020643058534039915,0.0018493974357440823,-0.02458006103173105,-0.022443033089148523,-0.010269972877948397,-0.01359991059387522,0.015361164398558946,-0.009621645975630533,-0.00232428413776653,0.018452639990732544
891,2022-07-19,0.02672179238886918,0.03911741266419111,0.043841261881039095,-0.014578466107888155,0.0247786398340879,0.014273951636063709,0.05112730083705097,0.020767045361351766,0.0061351441480896884,0.025203329695834054
892,2022-07-20,0.013509704451978966,0.03857539627705431,0.0007908064224837474,-0.0057079057693236734,-0.0001745082140848231,-0.016472050665355176,0.04158607620850696,0.010557795195666353,0.008335849335322054,0.010989053068264143
893,2022-07-21,0.015094328886229746,0.01515028639903937,0.003862974686365428,0.0035147221755649216,0.006809857540936326,-0.002276212113458964,0.00043693878102990524,0.009798930811904194,0.01462029476126836,-0.016696667940527044
894,2022-07-22,-0.008110724274414283,-0.017732481209791984,-0.056323156162956134,0.004727928432235684,-0.004856131983224987,0.00374804247966809,-0.0758857537218448,-0.016915978179632418,-0.0025649754734171637,-0.00763516503877637
895,2022-07-25,-0.00739834703070541,-0.010455798059483823,-0.0036145963791013314,0.001975637855718082,0.004008152372063201,0.00974201896933602,-0.015478286671555153,-0.0058762525440128055,-0.001437257401589953,0.03330271892931602
896,2022-07-26,-0.008826370851950371,-0.052253606265046715,-0.023160712642595893,0.007074123238096419,-0.015622241265321746,0.01640131110653531,-0.045004607099963234,-0.026774452809170457,-0.07604893636018717,-0.0038897459673407075
897,2022-07-27,0.03423477188888713,0.0536538959419941,0.07655696901257159,-0.0027635580910910784,0.01604665246337733,-0.003164158596104749,0.06553584116327626,0.06685194239018677,0.037793185105256866,0.021644522681529388
898,2022-07-28,0.0035718469075847192,0.010829110898360028,0.010260094811881615,0.005773654459806377,-0.003731276358075575,0.016664172810114675,-0.05224683168071709,0.02854055707590253,0.024962234193564248,0.01168496562627408
899,2022-07-29,0.032792994831630784,0.10361464095050721,0.018385510606147237,0.0018368070444561013,0.004790530456949993,0.001717152338891248,-0.010079579505445024,0.01566499869396676,0.01772649054932529,0.04630835168616376
900,2022-08-01,-0.0061535152096779955,0.0032604850044939404,-0.012551618354406546,-0.0034953596675925125,-0.009968735265315054,0.005454155680406414,0.005216908342887239,-0.009724219786044541,0.0037107392400639316,-0.025275925666132015
901,2022-08-02,-0.009287326830272447,-0.009084834427092181,0.0023507318745847883,-0.005692515089688266,-0.015585493515716031,-0.01363927949644217,0.0016256452314391545,-0.011474383895039075,0.0010562140381467078,-0.00433944542683673
902,2022-08-03,0.03824764277216741,0.039952299225118226,0.025623353836738083,0.009657705816315865,0.010495510207241043,0.004399945055129084,0.05374873193593732,0.027836417214825993,-0.016430505954344587,-0.03242299421406891
903,2022-08-04,-0.0019263183917211935,0.021860686341448332,0.0009313936735979578,-0.016037623878441543,-0.011002568800581924,-0.003911215123169498,0.010485643622041296,0.004177334891314777,-0.037777766546765346,-0.042078466678061144
904,2022-08-05,-0.0013889808519470526,-0.012414983387324718,-0.006091739794532924,-0.00395836918004655,0.030259849556863117,-0.004554658344700591,-0.020284931571072584,-0.0026086420059935334,0.00804339725382719,0.01445133073233773
905,2022-08-08,-0.0029030726306302768,-0.009872154542052702,-0.0014472704012673532,-0.005318071801681312,-0.012180319387298688,-0.0064689817676428785,0.01879013616779579,-0.009154905604081165,0.008136857606033887,0.005652662049217216
906,2022-08-09,0.00030348204675756385,-0.011333489631663474,-0.00571189113312176,-0.00011764851824891398,0.00900730014076312,0.001270406066744334,-0.01010285956677437,0.007063228747382633,0.009874020374076586,0.01843730339579097
907,2022-08-10,0.026194550939054206,0.0352608325167747,0.02632245797545596,0.002879426095830695,0.026087824328135056,0.00951629453663716,0.05820920078443015,0.024300685247571785,0.0020952601264934145,0.009493280635511914
908,2022-08-11,-0.004431656989363653,-0.014366830308238487,-0.007184570726767148,-0.020683138060148543,0.014781605113636465,-0.006755682566931598,-0.00476610341662298,-0.007400987197389353,0.009643654459765338,0.028928105021143402
909,2022-08-12,0.021425574688171745,0.020691152408548463,0.023897737769201788,-0.011008885142686164,0.016563964385150065,0.007592496175017782,0.01695866728288231,0.017037364299314017,0.018487248422883518,0.008691885427524637
910,2022-08-15,0.006333765522092749,-0.0025775713556979163,0.0032873724942004134,0.004779206470640007,0.0027020430693400765,0.012558807593082921,0.0021605772649404553,0.005343836059825691,0.0028736628613637016,-0.01787252413871443
911,2022-08-16,-0.0009240942558207399,0.0111747882760318,-0.0031127710316202206,0.008910867134676481,0.009554223477780788,0.00821719180836733,-0.00784994686503715,-0.002589775320796739,0.05105600718468639,-0.009315465658924604
912,2022-08-17,0.008784681997401567,-0.01851079360669594,-0.01766640725975277,5.9645894416648915e-05,-0.00841221021347105,-0.00230681694933077,-0.02574239524462596,-0.0026358536089442497,0.001076428293555809,0.008090963250042105
913,2022-08-18,-0.002291613156695793,0.0014074379989574837,0.005186083013232645,-0.004833569430284568,-0.0077494884973073885,0.005240673266407869,-0.0010866556661287552,-0.003947519211220607,-0.0032255557947898916,0.023644343934622558
914,2022-08-19,-0.015101977741215578,-0.02860159688639219,-0.02463165752847929,0.015230493249734689,-0.024745188775668447,-0.0007667424560668934,-0.038360303140016705,-0.013854188776093901,-0.014740547004155946,-0.003178526511503077
915,2022-08-22,-0.023029334540516033,-0.036243902638259384,-0.02533914777014079,-0.003508084191606975,-0.016521915297558643,-0.014884071345864336,-0.02923331025088638,-0.02935523691310904,-0.01788064212382634,-0.0007442035466495023
916,2022-08-23,-0.002028887811206026,0.003002506326521548,-0.003326459910942936,-0.008711719706307242,-0.009856805060779128,0.001090175290861195,-0.011897920488310176,-0.004716504826923318,-0.004235796736765884,0.04244261201542576
917,2022-08-24,0.0017938018421455038,0.001347163157822573,-0.0014928870152677298,-0.0033104947172274413,0.002423826401873219,0.0014005635694234186,0.013344890855487623,-0.0023513067725950965,0.007238818643900746,0.005918155336293918
918,2022-08-25,0.014922694663037417,0.026008936084948253,0.026035721958060032,0.009360991276503583,0.02374794940829572,0.004816569699432893,0.03381091302935291,0.011095499508154694,0.006668056103034337,0.005173366011378855
919,2022-08-26,-0.037699245560254946,-0.04756700784791723,-0.054093524638065715,-0.01711233842954407,-0.032728852616045856,-0.024122429749706464,-0.04147411230155995,-0.038587172599438,-0.03142704189083001,-0.012311862163413512
920,2022-08-29,-0.01369002971731681,-0.007342307563037775,-0.00833781141739931,-0.00773122768773904,-0.0024417930467279803,-0.006021244663090619,-0.016133010908226053,-0.010667700087909515,0.009726375875503068,0.022989824299774808
921,2022-08-30,-0.015305658494930596,-0.008167020675137082,-0.0043867780110634635,-0.0034970230374771205,0.0001750601792227524,-0.009245885855085567,-0.012627846072063575,-0.008521148875522355,-0.0030100735931545275,-0.03805459998878635
922,2022-08-31,-0.010634925381477256,-0.015225659516225343,-0.006609124628158214,-0.00671016546021419,-0.0059437632213861225,-0.00707983278898594,0.03671394191581112,-0.005704030334549248,0.0005283081988889382,-0.007475860731513739
923,2022-09-01,0.004706763181717477,0.008282741023605045,0.014045369111831185,0.024792131328468248,0.006858285233705574,0.004699528423270927,0.014914525630795428,-0.004092361241987752,0.014560527805846712,-0.01799350270292699
924,2022-09-02,-0.013611249210686016,-0.002425266463259912,-0.01722249782050711,-0.01572512557421757,-0.006986373206983587,-0.013709792955873712,-0.030478992531330906,-0.016666592290594417,-0.011005385275936752,0.01832320127458753
925,2022-09-06,-0.008214998052496147,-0.010979542799969155,-0.009643060267593206,0.0027033967787675195,0.00026390305853052354,0.0004906511294737737,-0.011102816884385303,-0.010973982495546708,-0.004962319604551291,-0.006695202525790811
926,2022-09-07,0.009254007564316602,0.026722663554652915,0.0247168175244723,0.005454198137413435,0.018990709840685405,0.018470200800660086,0.01166911885101185,0.019111457250785557,0.025691284880012377,-0.008530863439741743
927,2022-09-08,-0.009617925607621092,0.0026259778181887405,-0.00977612541373718,0.008045273061891178,0.02329605230429488,-0.003049446697096614,0.010412029368688236,0.0016662922690999782,0.005083282947046186,0.008179472450924097
928,2022-09-09,0.01883983441286685,0.02657523304266962,0.020944859859053144,0.0019349302618245634,0.004806007050183858,0.003219610642796411,0.04374910503036289,0.022976577686813826,0.003005174318751136,0.016752657267841142
929,2022-09-12,0.038507811570253736,0.023861278411006825,0.0018977029847682125,-0.0004224517757875912,0.011831924540162575,0.0028883639004599893,-0.0011230920935516586,0.008281369667501703,0.008988598166785877,0.011502625137078448
930,2022-09-13,-0.0586793386003196,-0.0705752837581286,-0.05899311585883771,-0.026020304022217333,-0.034748901576691194,-0.03248006340302467,-0.09369080651275696,-0.054978563520293955,-0.020641678619008563,-0.023358395831294287
931,2022-09-14,0.009555240543558163,0.01364140798846103,0.006518231078503467,0.020640867565379972,-0.0023196467965140855,0.005291924644143853,-0.010840493510948845,0.0009127029480318072,-0.002218752698608273,0.024546520275806394
932,2022-09-15,-0.018929804142719497,-0.0176585314552421,-0.019904622387057258,0.0025507714766370704,0.015070494194426187,-0.013587401423682532,-0.012675638068947004,-0.02711915608317239,-0.010746933183388485,-0.029077520427610137
933,2022-09-16,-0.01096032956102011,-0.021777003694830932,-0.0010689150459958219,0.015265279751614624,-0.006702167620855071,0.00016789920756687948,-0.021798949611999352,-0.0026082314288943254,-0.002097916110550102,-0.01708331485351766
934,2022-09-19,0.025083110073174764,0.009147615105472573,0.0026264332521610534,-0.007875924395566059,0.00922447509263069,0.007557964385035643,0.01182588040234167,-0.00089880384914931,0.008559190910834902,-0.00010737288928475142
935,2022-09-20,0.01566530920222564,-0.019813903001303146,-0.01872518910204979,-0.007878129250469046,-0.019719194623267544,-0.0015000705330242559,-0.013038921337593545,-0.008465591815633444,-0.005806373625201533,-0.008154400744286416
936,2022-09-21,-0.02026743677245224,-0.02987152347123645,-0.018390313808521075,-0.010244298231584459,-0.02883540799974682,-0.008347273843927083,-0.027175024645761603,-0.014435923421811436,0.009135021734555382,-0.016118452940505734
937,2022-09-22,-0.0063753349657240665,-0.010376272544574294,0.008662375847066528,0.017760914118083893,-0.011378659066710095,-0.002357087200965946,0.004925524157294303,0.008495345497800066,-0.010239738445565805,-0.004178347901964252
938,2022-09-23,-0.015123734376502829,-0.03009120154088929,-0.01398038109973787,0.003249347580958073,-0.018613386808833288,-0.011137266802626722,-0.016874391351669793,-0.012698069083631691,-0.024964261134365118,-0.05321822479240468
939,2022-09-26,0.0022601625244118573,0.012040804722097675,-0.005772843965481056,-0.006118014467069721,-0.021532008644853273,-0.012457371687388363,-0.028772784126629425,-0.0019753996770347504,0.009610753953645856,-0.020641560612249976
940,2022-09-27,0.006566202565752688,-0.006426381710496365,-0.006824788328285369,-0.004586619381327428,-0.008802413781700547,-0.025747323295357116,-0.014446143396653621,-0.0043799557553639845,-0.0027412752785761496,0.020957338696909744
941,2022-09-28,-0.012651651696515942,0.0314657666190894,0.026153780851462027,0.008609274714903359,0.02021724152515736,0.010641973929270021,0.05364590812585002,0.019711518661946092,0.01649450433926014,0.03638908782863193
942,2022-09-29,-0.04911887020711858,-0.027201076403397084,-0.02628680949484541,-0.011000306120405257,-0.016945808624150516,-0.007195282077479992,-0.0367206032042211,-0.014808893309173232,-0.006460655587865682,-0.002025682732163081
943,2022-09-30,-0.030039318908225865,-0.015679468675155683,-0.018168776576541812,-0.007111165936799724,-0.015636875692785712,-0.009722582987242157,-0.005351540000926747,-0.01936854081955086,-0.019281757142036837,-0.015448738374004067
944,2022-10-03,0.030752531219924162,0.025486701357681163,0.03125990207063256,-0.0009794355800577526,0.030909057858469202,0.011246072852135303,0.02159489262229375,0.03366259234514102,0.021819565335663205,0.052800251829093536
945,2022-10-04,0.025623122010874688,0.04496029692750958,0.030413487928919958,0.014828538513802947,0.04678362073418585,0.0022947750151998125,0.012048311739664808,0.033812473838808366,0.012978309334195304,0.03644465187003787
946,2022-10-05,0.0020532340003305283,-0.001156159830559278,-0.0020660786426773825,-0.0030795791813666984,-0.012346770115807426,-0.009510519062492229,-0.009267133145877793,0.0012856496300635012,-0.009907025419064186,0.04041182955865241
947,2022-10-06,-0.006625473274609495,-0.00537407121029132,-9.866784006318241e-05,-0.019380786349973533,-0.020382191542967165,-0.021515029183988732,0.0006475403976906602,-0.009670888331736016,-0.009328779519262587,0.02966073294403282
948,2022-10-07,-0.03671875775832434,-0.04771409266460691,-0.027016342781477354,-0.01056148746659058,-0.019974107113410966,-0.009449244247397237,-0.04041146833517528,-0.050852828482898405,-0.02369371006362253,-0.010092080064838749
949,2022-10-10,0.0023557067275374877,-0.007768849586377025,-0.00830960948413495,0.0013108398729280157,-0.009341518610920474,-0.00220150389113305,0.00254780079468242,-0.021303164894536986,0.005911597320041206,-0.02167663771214845
950,2022-10-11,-0.01025521870873225,-0.012844190270001499,-0.006948753073816483,0.014462887035562089,-0.028859893434754258,0.001654751444424507,-0.03924054939723254,-0.016750067659916268,0.02590440223607282,-0.008498453922621496
951,2022-10-12,-0.004604902659249732,0.006149206372302096,0.003910342650503162,-0.00024559899182807765,0.016182914603604104,0.012114745144400363,-0.008090838389072985,0.001508197904490416,-0.011306094671691302,0.0043875979217351535
952,2022-10-13,0.03361284543317633,-0.00327726077574253,0.015375124462214451,0.015120679753804156,0.05559322364953623,0.013238831089433578,0.02188226484896827,0.037608169135688874,0.008462257133484252,0.03494866886464565
953,2022-10-14,-0.03224000132061722,-0.05003107895219994,-0.025237234382911033,-0.004177804851021927,0.016640641570997206,-0.0159298161546777,-0.027093261147430603,-0.024248758892492006,-0.013985413722105822,-0.02630794458977115
954,2022-10-17,0.029122801189906067,0.06445275295885255,0.035314771497716,0.012951290789151138,0.04200016932634587,0.012913695155699179,0.057431281736192163,0.03924565413397052,0.007206910813139844,0.014416779854150796
955,2022-10-18,0.009409225352511985,0.022585461588422673,0.008002473403639243,-0.0034817664639714696,0.025720585731873413,0.013467419408369485,-0.00925086902937411,0.004083691006135037,0.021085490119948203,0.00178884482509023
956,2022-10-19,0.000765278977352235,-0.01108629175628062,-0.011313025120276099,-0.007950950882417929,-0.019606144880215615,-0.00850443921195887,0.0032378293342010256,-0.008469565556336267,-0.0028328874133976,0.029662661910268007
957,2022-10-20,-0.003267004100567794,0.0015642678860967596,0.003412690746828817,0.0025497924827542207,-0.0032615788826630965,-0.015725584198281295,-0.012759692383164767,-0.001395363538917671,0.0024671962867088837,0.0013488294624712793
958,2022-10-21,0.027059186399545743,0.03531453097461368,0.011603467166497738,0.021804037680042132,0.05252743350545086,0.015976829170625484,-0.0115565216811786,0.025280578156414935,0.02021024625488832,0.018570191165117045
959,2022-10-24,0.014802771192312658,0.004190412347291339,0.013744714054237717,0.013454812377894143,0.0012271032668063064,0.02877049915748242,-0.002230425578827133,0.021187589982253563,0.019079190484161845,0.0069904401389135895
960,2022-10-25,0.01933756367541828,0.006509754475742646,0.019118277893333868,-0.0015789648096206088,0.0026148016669342855,0.023970619065796228,0.06005249944991986,0.013791874814822025,0.004733982310707541,-0.006754222022855805
961,2022-10-26,-0.019627297256274212,-0.040961814879887926,-0.09140506283726724,0.008786713976439264,0.011491629067612807,0.007464272890484791,-0.05592345158134027,-0.07715640777168586,0.007639182436401271,0.011900164241949618
962,2022-10-27,-0.03046540700796796,-0.04063638620803933,-0.028547396535196223,0.0005807376025583899,0.003948056836033276,0.0023571274807647757,-0.2455706162205269,-0.019756199456287038,-0.002905141733728911,0.0038267928212325497
963,2022-10-28,0.07555234294649393,-0.06804249715805744,0.044133500650964,0.01485680115966237,0.011878003540595872,0.02066177177541073,0.012864876985104523,0.04022051662843129,0.012648420669686633,0.029288697919979567
964,2022-10-31,-0.015410144814239857,-0.009380148789788212,-0.018485691791429004,-0.005146651320466433,-0.0015863736196362055,-0.014976916303537369,-0.06088705142297546,-0.01585612868760644,-0.001263169147874832,0.0009937187761905886
965,2022-11-01,-0.017542708335232193,-0.05515425020719422,-0.04274678210796601,-0.005058264982736649,0.018033076145292037,-0.0035087292416101645,0.0218976523720551,-0.017059428710901825,-0.004496603618472816,0.009926935492928779
966,2022-11-02,-0.03730491862761676,-0.048248766657425834,-0.03868689769074274,-0.015367734850876613,-0.009207998957213803,-0.013916816534251253,-0.04894937312281322,-0.03536833826188113,-0.006633930982040237,-0.02055211006612989
967,2022-11-03,-0.042404998639067104,-0.030612240672440172,-0.04070374297854862,0.0017015597564942198,0.0018115911261102902,-0.0005102242078351971,-0.018003021183187196,-0.026578844629222775,-0.0002133444900201953,0.01359339866446585
968,2022-11-04,-0.0019472995768606838,0.01881299269611514,0.03775626407413002,0.004451750151553746,0.027358485952514888,0.008166026208144661,0.021144829563999323,0.033325512782935274,0.0017767794500069822,0.010891242860376682
969,2022-11-07,0.003902197902044824,-0.00494619214148917,0.022060400579643646,0.00874735839383245,0.0052799084536607754,0.003881419848283718,0.06531565160705988,0.029269583626130302,0.010498546947913079,0.011842258315932552
970,2022-11-08,0.004174958085809033,-0.006075283660437414,0.004633291966155584,0.004971740143271841,0.0006089975184897511,0.0018489156531680262,-0.0025848714977650955,0.004388434930288065,0.0023867582691459166,0.003167785449834204
971,2022-11-09,-0.033189675148163844,-0.042676192754212194,-0.017772592943901433,-0.00799600866022665,-0.01300875252882061,-0.013926156989398697,0.051829494532188214,-0.019050059048143386,-0.023250853331502674,-0.04473675472592531
972,2022-11-10,0.08897457611434612,0.12177847617944293,0.0758131890291136,0.011713535060770441,0.04115947854764457,0.03590272719944987,0.10249352148785151,0.0822679626677163,0.020721260818308718,0.014692405470256409
973,2022-11-11,0.01926835032853713,0.0430508514990382,0.026293128367289365,-0.02991924773399257,0.0016285306935945876,0.007227223994711984,0.010279572535403902,0.016997457325720333,0.0015453789638077975,0.031221691338394253
974,2022-11-14,-0.009485604389857127,-0.022819754250081425,-0.007364359795469011,0.015716505903745404,-0.010273473588490845,-0.009621579422783966,0.01061774708965113,-0.02250020049463397,-0.029386901295165746,0.002919405296117672
975,2022-11-15,0.011869552857118881,0.004569038353104293,0.028631273296895632,0.0027921690578671665,-0.0072434908982079715,-0.001646582624799553,0.025039392172351516,0.0017387836718683047,0.06539488050205411,0.006703566047182363
976,2022-11-16,-0.008331312390684409,-0.018394983322363,0.004164972905287945,0.0062069040623020655,0.0013537809006152202,-0.001814291004903823,-0.0328834990179242,0.0018235727293618442,0.007189303090520127,-0.010689543005417912
977,2022-11-17,0.01297159858533714,-0.02337318995330062,-0.004956942119696994,0.008071152037606,-0.0043571577123741045,0.003139369540728687,-0.015720246808934246,-0.00020690733647810156,-0.0033669836049599056,0.001328544029014056
978,2022-11-18,0.003781750269937767,-0.007485493894513584,-0.009455160077027736,0.0076632521682660215,0.009808444933354643,0.007082896117523552,0.005383728188132153,-0.0019033064596180038,0.015067364276140083,-0.008668023598135788
979,2022-11-21,-0.021680073503446362,-0.017845764989037338,-0.01878282891445726,0.005140630621394804,-0.00590254044289662,0.015374540291939187,-0.019545006870586468,0.00344072915258109,0.006124092832587635,-0.0099036656348781
980,2022-11-22,0.014661004787946741,0.008003437930963697,0.01516748744967611,0.004830517425560066,0.014956767988631547,0.004349319799934026,0.01438199359451775,0.01231153316282052,0.003572655488281562,0.02892681804310948
981,2022-11-23,0.0059263804554976485,0.009978544373689724,0.01452854707791884,0.001074423270877034,0.010663488115719044,0.004490722590806184,0.0071787411393871015,0.010406836883207315,0.004812385067312297,-0.004992120158099467
982,2022-11-25,-0.01959388419752539,-0.0076489282090407285,-0.010156363956545067,0.0012994116049314108,0.0019052275832665,0.0009579376680801666,-0.0073950268589951795,-0.00036336749641374677,0.004264499553065626,-0.003520905347394687
983,2022-11-28,-0.02626401643739773,0.00578089353348199,-0.014467506537715114,0.0005078261740210088,-0.01747849450854122,0.00015970607060000752,-0.02360627804751836,-0.02315248728305097,0.0028744259396757954,-0.03003268822580807
984,2022-11-29,-0.021148242157853825,-0.016285245651894598,-0.008953676867553773,-0.006992806857139433,0.01644954496241069,-0.0035089889357232673,0.006251150862780497,-0.005914911524403821,-0.003517498045834455,0.006647870592440874
985,2022-11-30,0.04859363884020751,0.04457912603558589,0.06093077610037256,0.010847086438665388,0.011862872648049638,0.025306243414120022,0.078932915970926,0.0616236252283604,-0.003595556483510509,0.0072372276073957575
986,2022-12-01,0.0018917747335434054,-0.010772746070691896,0.0,0.004157137984258652,-0.014039490474915706,0.0028297674272299567,0.01981362938937603,-0.0017637393311477068,0.006232718064644205,-0.0048498787511193076
987,2022-12-02,-0.0033713350281824317,-0.01434557849824114,-0.005446033063296496,0.000783176209193881,-0.007927399924474887,0.00877875422730301,0.02532388735952673,0.0012957064062333323,-0.0009779357241975761,-0.008483867150096303
988,2022-12-05,-0.00798322716755806,-0.033145598727553405,-0.009557969747468698,-0.0005590677481885908,-0.028040817861892275,-0.013675125236969898,-0.008583783451248106,-0.018900484914213256,-0.01024673917270058,-0.027398541781650465
989,2022-12-06,-0.02537017556899923,-0.03032636052572657,-0.025130761228654874,-0.014990381682474685,0.0016747116084865343,-0.0004728116730638998,-0.06787556615152623,-0.020303852430841984,-0.011605679010323944,-0.02779598686140905
990,2022-12-07,-0.013785092074369398,0.0023795930251859776,-0.021035262173158098,0.006076106497527212,-0.0006839294726330714,0.0015764089548457871,-0.001664727617559647,-0.0030596653265059226,-0.0052037763383028235,-0.002213956384321536
991,2022-12-08,0.01213306685319826,0.021365582288144003,-0.012955550285371764,0.00016912094385990173,0.010494411163292972,0.004249294127352643,0.012288179062089233,0.012399128202118082,0.001548288075106985,0.007428733522064412
992,2022-12-09,-0.0034347846831035422,-0.01394579034322141,-0.009390602846543694,-0.008239339927207823,-0.0054184431922014165,-0.01049999084316533,0.004942385176551323,-0.008003318702399564,-0.023322973004088254,-0.008427423030900827
993,2022-12-12,0.016389890240039007,0.01638799835988136,0.005170755758669321,0.011949620823178853,0.015511537713036816,0.013145475768529868,-0.01026765742975122,0.028889388560932927,0.01864967508428328,0.024627897318656666
994,2022-12-13,0.006782517688334488,0.02142456926150338,0.02486324485736846,0.007703669573666083,-0.0009686949914111675,0.0003126564555442357,0.04742409555256577,0.01746482276173844,-0.00358057980047366,0.01093437385227447
995,2022-12-14,-0.015535878240082734,-0.009838858835905628,-0.005855851833869052,0.003068788268425493,-0.004997065116554955,0.0,0.01198501517918027,0.0011676187866369592,-0.005559732689587871,-0.007366108643770963
996,2022-12-15,-0.04685426371677981,-0.034177820705733164,-0.044283178339377116,-0.012627619107271615,-0.02481071465673179,-0.01375205868011009,-0.04474059968432209,-0.031918258147590306,-0.008931454070404965,-0.009580993305621899
997,2022-12-16,-0.014578722751782514,-0.006670394101153776,-0.00660360481862754,-0.010254223856288047,-0.006225988179031194,-0.005704505876252486,0.02823943535163953,-0.017348706388637947,-0.017955477740629666,-0.007018361896615644
998,2022-12-19,-0.01590976700752189,-0.033462353983410575,-0.020163837464780565,-0.0010815525645929691,0.005955596492075443,0.0014343084902741499,-0.04144683615972711,-0.017328168314541093,0.00035030341158348577,0.004489199084593665
999,2022-12-20,-0.0005286901671827104,0.0031795134041781026,0.006557892651169572,0.001082723587065404,0.004843952959980635,-0.0007955629887481663,0.022798591752120956,0.0056145445697945995,0.008753602284471196,0.014452797986945543
1000,2022-12-21,0.023809618672986588,0.018546709195681466,0.006290839690566763,0.011441919259317368,0.011248029467239018,0.0160852696701117,0.022803085425789238,0.010876847339131634,0.007844302684702376,0.012840812993440087
1001,2022-12-22,-0.023772801530637988,-0.034343619255829294,-0.02031698602907195,-0.0036582462719776387,-0.011349974523667261,-0.007209930410984278,-0.022044102973240554,-0.025528845525521815,-0.01170957078944701,-0.020173770166796556
1002,2022-12-23,-0.0027978490458259175,0.01742450254827599,0.01675027766365811,0.002541952950423365,0.004745155089566522,0.007578057234782554,0.007855236438034208,0.002267139585125033,0.002021074420040625,0.02644481017534317
1003,2022-12-27,-0.013878409991829654,-0.025923742926365456,-0.020620992778768832,-0.00028197558648179744,0.0035041045166266382,0.006110867150076249,-0.009827329606779789,-0.007414162624213794,0.0002784034616347686,0.013894120780970853
1004,2022-12-28,-0.03068545151300195,-0.01469172937442731,-0.015676792729044098,-0.004339462523038962,0.005465205056309319,-0.00996715302328488,-0.010780170454623983,-0.01025505062003007,-0.017523122147468984,-0.01642608778234722
1005,2022-12-29,0.028324419815672908,0.02884381103830358,0.02824923578508387,0.005094553547842384,0.0057374919750814435,0.005977586859597928,0.040131490303690676,0.02762970511787044,0.006086569919238283,0.007565933422739812
1006,2022-12-30,0.0024690018616495557,-0.002138278742257471,-0.002487153518981322,-0.005125232834993998,0.006605882955744935,-0.005316690618417885,0.0006651540906208453,-0.004937404168091519,-0.002532429176455908,0.010073240079746304
1007,2023-01-03,-0.037404813285573546,0.021666663033621747,0.01008719767156685,0.008717816900349895,0.007606178582872936,-0.010375659704689455,0.03656305517792924,-0.001000921325585713,0.012765348438300794,-0.03436096026372992
1008,2023-01-04,0.010314270552399751,-0.007923564525679994,-0.011669703826821753,0.010887403962824838,0.009324741907972722,-0.0004765837897005021,0.021083963410582385,-0.043743150538763875,0.0011141037751634109,0.002910602345509883
1009,2023-01-05,-0.010604657166184528,-0.023725589118479662,-0.021344194758058932,-0.0073836003541410955,-0.0002213681843077353,-0.01144319748928957,-0.0033760445662271987,-0.029637649509818953,-0.0034083422927843054,0.02237404882632421
1010,2023-01-06,0.03679404106847284,0.035611152390083056,0.013224858468268819,0.008109498102680357,0.019135494795053498,0.019292744228355696,0.02426340781676206,0.01178520194338084,0.024499156934964406,0.012086922927885047
1011,2023-01-09,0.004089010218399025,0.01486987397850048,0.0077857238858669575,-0.0259084699472657,-0.004132234117993461,-0.012460630392425398,-0.004230101732267122,0.009736624437752806,-0.012467597803437647,-0.018637502725164068
1012,2023-01-10,0.004456282333657802,0.028731709234134817,0.004544419716693726,-0.0023918146532194706,0.008953903891907977,-0.007666548479443369,0.02718782393712993,0.007617070478430854,-0.0006208774855102073,0.014934917264302738
1013,2023-01-11,0.02111250785669383,0.058083825879343465,0.035059991035622184,-0.0015985579782836767,0.007431733408988395,-0.0019313600615090687,-0.0007519857720544865,0.03023802568804479,0.00876698794826547,0.01162702021487183
1014,2023-01-12,-0.0005993965153704428,0.0018929468094222024,-0.004261359457635061,-0.005032248169938747,-0.0010026295735392488,-0.01290114666012998,0.028745553169460036,0.01162161429773767,-0.009032996746242472,0.016611004591758016
1015,2023-01-13,0.010119037796598063,0.029915043601747016,0.010863636202486537,-0.0032757993585931233,0.025234677495514113,0.003594091721138337,0.00197476507832417,0.003018731115285833,0.0033147122741197244,-0.0006180440897521899
1016,2023-01-17,0.008756313963647067,-0.02109661268732821,-0.009009904991709616,-0.006169650266332205,-0.015453712667680475,0.0040698020143108415,-0.011826248818374352,0.004681613066467083,-0.0060568683464157225,-0.001944378054881457
1017,2023-01-18,-0.005369764952464329,-0.006142675153973931,-0.001862316335255354,-0.01508464271131238,-0.03004250035055389,-0.030317637424617683,-0.017287327561006594,-0.01888904851116391,-0.02472130452405863,-0.02054373420856792
1018,2023-01-19,0.00044351338738501944,-0.01864654092151996,0.02118100410134649,-0.00135480698108692,-0.013326594217148657,-0.0015050233157728465,0.023530357052020223,-0.01645402041010935,-0.01427150150543266,0.006418961154292191
1019,2023-01-20,0.019220555594650746,0.03810845093076898,0.053412062804458316,-0.0046599357144967435,0.0024492450391271348,0.0060283226426638414,0.023650295241826935,0.03574355443380939,0.012317301275443615,0.018235843583979117
1020,2023-01-23,0.02350070393710002,0.002776315095798454,0.01805764111865593,-0.002548323333112945,0.016212644518156516,0.0024966099544931897,0.027983147943870135,0.009824298962095801,0.014942155167525284,-0.005205206077467994
1021,2023-01-24,0.010062923623693987,-0.012305137300550828,-0.020944063110933664,0.0,0.008595877862806134,0.005312925557485526,-0.0009074482242502624,-0.0022260463431295063,0.002664159392583576,0.00931172606325048
1022,2023-01-25,-0.004700645102763135,0.008928577793566816,-0.025383829302223826,0.007129731804346839,0.004839416758106951,0.006275934369725844,-0.011457189576891569,-0.00590813356936537,-0.0047544342130968476,-0.005271927935778908
1023,2023-01-26,0.014803385804294633,0.02099198301215366,0.02415455541840772,-0.00365760371934698,0.006181758958271555,-0.001969535260600508,0.040989381858050455,0.030713675156381237,-0.0009136295427331076,0.04019077570925078
1024,2023-01-27,0.013684006023051865,0.03043737760442866,0.018970506721311065,-0.0039078459205825755,0.002428903290406348,-0.005262251246730187,0.030142442991899943,0.0006451240567815208,0.00766484459531358,-0.018257518054625388
1025,2023-01-30,-0.02007793069019459,-0.01652968356145279,-0.024453974919528054,-0.03703273796085893,-0.00848068039772798,0.002479479492765835,-0.030842096803273877,-0.021961597556103718,-0.008025142974395383,-0.01773201832181881
1026,2023-01-31,0.00902107443459732,0.025658817736008643,0.019599640246609207,0.0087655256130732,0.005965676588749247,0.0112137998337285,0.012987674378380554,0.021012687873662506,0.012100164837174132,0.02157449993127991
1027,2023-02-01,0.00790087572256537,0.019586971068148662,0.01608667160610655,0.009178636558363928,-0.00264360996411539,0.00016301555468656304,0.027857992238779827,0.01993462296992199,0.005560394487558407,-0.010947230897394022
1028,2023-02-02,0.037062511539926124,0.07379935352944922,0.07278691528124548,0.003759503458192981,-0.004656687275893412,-0.017120354753956235,0.23282409014359717,0.04688438433321984,-0.007257837017723201,-0.031288134586985095
1029,2023-02-03,0.024399628294823117,-0.08431497620839845,-0.02747356157081371,-0.005617981520281146,0.015474421931322091,-0.007465050245610949,-0.011866324983071164,-0.023620522520112597,-0.013298889546491277,0.006927546808054075
1030,2023-02-06,-0.017928548112423393,-0.011703250716856073,-0.017942324231920326,-0.007593807265692365,0.005882802611700155,0.005682525559421059,-0.0025196949587797945,-0.006115873376854819,-0.007268420198675574,-0.0016975660510526458
1031,2023-02-07,0.019244728326907712,-0.0006850625818668465,0.04606410376212455,0.00024483163504540606,0.012190021059847123,-0.0016618010298736774,0.029882836844073335,0.042022062758445555,0.002132577999492735,0.028550884787148068
1032,2023-02-08,-0.017652812515381977,-0.02017429777965274,-0.07683011244672133,0.0012853599985025443,-0.0070311975216401645,-0.005826650024026936,-0.04274087462451526,-0.0031020057866026907,-0.005391141002927591,-0.008701776816832929
1033,2023-02-09,-0.00691186560059498,-0.01809100582487666,-0.04387646590661809,-0.013507817093207364,-0.015563299026435273,-0.0016744636792574985,-0.030038735155729523,-0.011659823821040138,0.009271376552648425,0.0037745732190965775
1034,2023-02-10,0.002456490926603161,-0.006412838631079665,-0.004631097113942162,0.004646964589111624,0.004415035370707088,0.0,-0.02118913261858424,-0.001972585762454737,0.015545295239324686,0.04215139570390436
1035,2023-02-13,0.018806765494656874,0.019772567289289666,0.0004228936860402044,0.0037000859677696063,0.010848154326372539,0.01643739457559068,0.03031870867323505,0.0312430735548892,0.015237899284845868,-0.0038897313778190057
1036,2023-02-14,-0.004224986067134728,0.0016073541414833858,0.0007399747086547226,-0.004362462849781035,0.004418793367617413,-0.016666502500436664,0.0002784642725366382,0.0031328925436673316,-0.0028782839763378254,-0.01171476140849137
1037,2023-02-15,0.013903265115583485,0.014643999584324163,0.023869998545681392,-0.016477194828102282,0.004190074058486815,0.0,-0.012926090673709645,-0.00799297522168474,0.007423121697581525,-0.003006355435826835
1038,2023-02-16,-0.010429288950530524,-0.02975486385196624,-0.014751507820287668,-0.007090602684356795,-0.013769010771167212,-0.0062091506264843055,-0.026642636482292148,-0.02662245173629396,-0.015692119863283893,-0.0029293720599536943
1039,2023-02-17,-0.007546663610510929,-0.009679109147912035,-0.012145390956299518,0.020877003203171096,0.0029610923403811107,0.015197552639155454,0.0025516733472850106,-0.015601968632443008,0.015041293000608302,-0.03845153003558954
1040,2023-02-21,-0.026679925924046777,-0.02695468312187932,-0.02713287192210201,-0.014901052525580827,-0.018348839451909127,-0.005322716706887998,-0.004627525186258308,-0.02088666327340405,0.006077777355399716,-0.000988495095566977
1041,2023-02-22,0.0028961117518186974,0.012793392483054111,-0.0015253327934063865,-0.0013925561658336694,-0.007663240995968934,0.0030099882826961633,-0.0055788286023883416,-0.004591087793851423,-0.02097356312160059,-0.012953068963043046
1042,2023-02-23,0.003290779611013095,0.000313172345862478,-0.008292320213807325,-0.0003168208277758433,0.008010961743230904,0.0018340028715821965,0.005376285139118586,0.012961785259141267,-0.014905714353335986,0.009204240941395714
1043,2023-02-24,-0.018005626415035336,-0.024212061179431754,-0.019364173101727555,-0.011158250852889462,0.009021201042662685,-0.00416041795995481,-0.009590844677802135,-0.02178433247216216,0.0026745551351474717,9.034301809474066e-05
1044,2023-02-27,0.008247864095576318,0.0027807715104863906,0.008302462404468969,-0.0021797248150908777,0.008727779349287479,-0.0003341649406395364,-0.004988478961129972,0.003771787164880136,-0.007229730243080157,-0.0018057052871068846
1045,2023-02-28,-0.0034480113499307796,0.005012811540044737,0.0021142045356792316,-0.01522858040654218,0.008370913389673884,-0.005182377177049502,0.03185099604434094,-0.0029582493897210016,0.004878355225297115,-0.005789214089021444
1046,2023-03-01,-0.014246057186482197,-0.02186145722806776,0.003331089488084693,-0.00450196379159562,-0.005580880204226757,-0.010922386760621738,-0.008688773224161617,-0.012629198768173922,-0.013930988297584879,0.008916321516505121
1047,2023-03-02,0.004129308438311385,-0.00043399062951077205,0.018149623124347647,-0.0007869474335299165,-0.010381965826390172,0.014610832138117313,0.006400863936171675,0.01965327422113816,0.002497445138914811,0.004599127052827834
1048,2023-03-03,0.03509004959363682,0.030066258059702422,0.01793486767645147,0.010298787413546506,0.018359422510672685,-0.004688484224291245,0.06142185966266456,0.016646021027325597,0.0012098849402892853,0.01265705359551128
1049,2023-03-06,0.018539427531717667,-0.012118034851298809,0.015803407727097873,0.009998485553939451,-0.005847136126298946,0.015477788068282372,-0.0018892558060497056,0.006189075674470468,-0.00014231164508371474,0.008864406895189525
1050,2023-03-07,-0.01449649150047616,-0.0021333007812499583,-0.013350160285697021,-0.009449562096210617,-0.02940797693737962,-0.005798656177587791,-0.002109495307219267,-0.010589251743470363,-0.009953592019941726,-0.019330343142379247
1051,2023-03-08,0.008377086524051336,0.003955051898638651,0.004155202637430966,-0.007333281142244186,-0.005915046883829267,0.0005000726748003448,0.0024932713179948163,-0.0017704885791286484,-0.008258462895729068,-0.014604382957760231
1052,2023-03-09,-0.014914604653310515,-0.017781071140368643,-0.020477509842869113,-0.011244967040331733,-0.0541365151448886,-0.009660322182971415,-0.01773257732956446,-0.005439468907561751,-0.006734223368810244,-0.007728839999428416
1053,2023-03-10,-0.01387871650192285,-0.0164769283801236,-0.01830581912489193,0.00244647265441289,0.02539498031778331,-0.004204499301347475,-0.011998454105887624,-0.014782806149207572,-0.0014580407033906173,-0.01237050979979204
1054,2023-03-13,0.013265862750164947,0.01873687738723384,0.005296273536541385,0.009564135537224683,-0.0179572922461807,0.010133673993007797,0.007743323219192355,0.02144092927407626,0.0029201656954780386,-0.011504861036632286
1055,2023-03-14,0.01408936687660356,0.0265065123894086,0.03139070585395465,0.005618537882944308,0.025676330855513685,0.003678149351249438,0.07252622426370081,0.027056099165793546,0.005314265833304965,0.003754513998272202
1056,2023-03-15,0.0026214998903355546,0.01391230747297123,0.02277307565329134,0.0027936815448021957,-0.0472442172872547,0.006663265802725915,0.0192248291078303,0.01783016635970225,0.011151239967893467,-0.049747647242648574
1057,2023-03-16,0.018693790204058924,0.03991688242309577,0.04380407467032743,-0.0020733173888956014,0.01941373330581664,0.0055028432771342395,0.036308421408315805,0.04053658829955431,-0.005680618857630715,-0.005806028024926024
1058,2023-03-17,-0.005453554549302075,-0.010895681300578386,0.012958544114695991,-0.010711900685627107,-0.037782069462320655,-0.0046433923772405405,-0.04547889686102491,0.011694184023860243,0.008099630613804143,-0.011778728318536213
1059,2023-03-20,0.015483435921399558,-0.012531560404374087,-0.003936306324569316,0.009909331261388932,0.010571546870919102,0.009663236892793137,0.011246823819467178,-0.025766565670196195,0.010760383920898953,0.026141967631537755
1060,2023-03-21,0.011944265862344094,0.029679680207260972,0.03655411611513104,0.0,0.026820751813306343,-0.004620337138192654,0.02199081128618352,0.005693782248862744,-0.003406830610878764,0.04480242972072879
1061,2023-03-22,-0.009103447015790578,-0.018984232685839597,-0.014773142348614043,-0.018454770989924874,-0.025813753776279258,-0.0044761514779343425,-0.0116244236283507,-0.005442574771360342,-0.006409232696602873,-0.022888869820312685
1062,2023-03-23,0.006969411737474562,0.00010133876939955044,0.02157287066011304,0.0005295428346470121,-0.002673553769834469,-0.002164915516957633,0.022371103107354573,0.01972192245375326,0.008099050796035456,-0.01128183012477435
1063,2023-03-24,0.008305624542096268,-0.005875816395847999,-0.0015149613450660127,0.01005742399495868,-0.01521589315179983,0.01635521940314777,0.008468808293868868,0.01048044967293671,0.008176492090417264,0.0011602258023792889
1064,2023-03-27,-0.012293266793989344,-0.0009171134251457769,-0.02826267791527015,0.004258286574958969,0.028660550468391,0.0073890426041793855,-0.015387640410016612,-0.014934031515980717,0.016713674389322142,0.02192610811948148
1065,2023-03-28,-0.003980377722677009,-0.00815996577200262,-0.013956551538411466,-0.009654390579655225,0.0030353048825029205,0.0011410484372715857,-0.010648747586584628,-0.004160775719607379,-0.003884279497870291,0.012476339711428253
1066,2023-03-29,0.019790833064125657,0.0309543624265336,0.0035631358092522714,0.009814446041647384,0.002017413124428602,0.0071638872760024785,0.023270874837606925,0.019183895570741738,0.004317233380709551,0.017177063445260377
1067,2023-03-30,0.009889883883361872,0.0174563591022443,-0.004931317611010844,0.0007824961169038414,-0.0030199632904460705,-0.00016171116578511668,0.012125638310229059,0.012619513515259362,0.009984109432107813,0.004864073564285087
1068,2023-03-31,0.01564421453713294,0.012647067799287592,0.028149535936836667,0.010232788377741331,0.012116508326138753,0.0029101926211900775,0.019726757264163064,0.01496245994741563,0.012219370961570553,0.0015527476958636655
1069,2023-04-03,0.007701621450314056,-0.008519675143944028,0.006073350068411143,0.01193563026758726,-0.0011511051911375914,0.005964965703985969,0.005331766407389971,-0.00371155902708431,0.008409521262335184,0.05900039259365708
1070,2023-04-04,-0.0032497705551132183,0.015037527888523972,0.0034495144564050673,0.010455803773161021,-0.01336818312956034,-0.003044920380616767,0.007743830777979577,-0.00017423999765064924,-0.009819198071072122,-0.009558198099609339
1071,2023-04-05,-0.011290296502179165,-0.027417013542964663,-0.0023872163674688585,0.04492407835600454,0.001491103992033782,0.009483995234163878,-0.015089397750517097,-0.009889135983425001,0.016572703026916935,0.017127448193805517
1072,2023-04-06,0.0054959317192802,0.009495540049077267,0.03780979198131007,-0.0027779294597540805,-0.001097234080295384,0.0006369633646756689,0.021846053673464372,0.025532905589347843,0.007550124616512166,-0.016582488688554053
1073,2023-04-10,-0.015972369049070623,0.0010778033801970288,-0.018262300543991583,-0.00502547694446398,0.003294997544533107,-0.00238704233916609,-0.006247128534073609,-0.007578771127240036,-0.0019231325166428892,-0.004432904154100581
1074,2023-04-11,-0.007590981238651429,-0.022022120390757682,-0.010240485957120127,-0.0003044142503235703,0.004926296225985505,-0.0017544732880343528,-0.004190838175512357,-0.022668453491703544,-0.002923274914797158,0.0070716136437039
1075,2023-04-12,-0.0043531283434969925,-0.020916697119598093,-0.0067394929217763355,-0.002130431355724216,-0.00015572863681190263,0.0017575568746230896,0.000701508419287622,0.0023334951883120514,-0.004864490654895359,-0.0010399833567501515
1076,2023-04-13,0.034103512667122526,0.046713683014299345,0.02666297628932557,0.013360036781706608,0.0038131486591423958,0.007337698910397927,0.029672874227193002,0.02239947598203229,0.0010044813368588201,0.004686080491557387
1077,2023-04-14,-0.00211403285848466,0.001074224694457282,0.013404040201523193,-0.0016253998712697504,0.07550981866654305,-0.0015835496852916187,0.00517356523054846,-0.012765794164584121,-0.006756308596865601,0.0024186755207893373
1078,2023-04-17,0.00012115149577596185,0.0022436418178335416,-0.026637346748029866,-0.001024998988884973,0.007929066026754361,0.00650277190212889,-0.011874220016377612,0.009296210069651423,0.007004119225365368,-0.01163300634737452
1079,2023-04-18,0.00750458057383252,-0.004282604839014548,-0.013871747367601883,-0.02812827124155559,0.011227797049736976,0.0015757483966754027,-0.0044320612960225825,-0.0014887817810235182,0.002207230579654995,0.01952909835138672
1080,2023-04-19,0.006968208247287722,0.019550341547772243,-0.003062331598814416,0.00944037635495576,-0.001272851473854808,0.0018879756898353417,-0.010050921582682393,0.0002774435070418413,0.0010677052905723183,-0.003163949173913494
1081,2023-04-20,-0.005846381725970851,-0.0046980391066805405,0.010654762194840073,0.006460435478849114,-0.0029033149273540726,0.004397062571965149,-0.012192816136493478,-0.008112511397642574,0.006399635980675722,-0.007977999883005849
1082,2023-04-21,-0.00978068126190712,0.03034391291745231,0.0011397306071367908,-0.005440903069755421,-0.0019176250827728225,0.0014072892980987461,-0.0008447474198718385,-0.0012231442209547083,0.005033936087930346,0.0031995172701739794
1083,2023-04-24,0.0018783685097485403,-0.007011967150520215,0.005312468870969811,0.006085186665036657,0.0013520196476470847,-0.00156142840674256,-0.0004699015590546862,-0.013963128673133762,0.006788512034737515,0.01887767094129922
1084,2023-04-25,-0.009435561923643032,-0.03427172037496595,-0.02000560110953653,0.009164263267218642,-0.021743814647946502,-0.0015638702782193592,-0.024625166765196105,-0.022535991429178726,-0.007790104926598707,-0.014213138166829675
1085,2023-04-26,-6.125016115976489e-05,0.023496184744855597,-0.0013481974553356535,-0.015498438630843658,-0.01772353032487395,-0.004698306056562851,0.008913473135841121,0.07243479798556685,-0.004354285937591573,-0.009183049369070106
1086,2023-04-27,0.028395442406386362,0.046103983455159314,0.037411974605933374,0.0023369340332473065,0.013458898248694728,0.0020454863223979824,0.1392550429875541,0.03202773201900633,0.003114363894667793,0.01195329142213497
1087,2023-04-28,0.007541012025671812,-0.039792412663683385,-0.0023235367234700766,0.00429436762562907,0.008682767828052773,0.007380778923761877,0.00737764748026648,0.007971743022611166,-0.0027083324203566184,0.012924974394873834
1088,2023-05-01,-0.0005302266600373251,-0.032242712137328766,-0.0013041478825441821,-0.0006108287201818108,0.021412042987420277,0.0023382317175471012,0.011900828688641507,-0.005532580099894546,0.004106683695196178,-0.031012625599444954
1089,2023-05-02,-0.006191663065748143,0.015482549283793778,-0.017537352337417822,0.008740913557895524,-0.01614747110274717,-0.0045099147083424995,-0.016202097103558022,-0.0004910560926534302,-0.002704502401019493,-0.03985327217709034
1090,2023-05-03,-0.006467111296641459,0.00019303553981586674,0.0008545544648828063,-0.01308849734227413,-0.021163107365204326,-0.005624302754207999,-0.00923753354653123,-0.003307025449775458,-0.003704327380608663,-0.019709409182042337
1091,2023-05-04,-0.009913478353595462,0.0033767339022539034,-0.006830379671087683,-0.004543658531763084,-0.013678673516326456,0.0010998164176290182,-0.014808236452189427,0.0033179981541133774,0.0027989964573678083,-0.017511391360736872
1092,2023-05-05,0.046926738758415354,0.015961573674128537,0.008405631146832793,0.0033923478084758596,0.019534898339030438,0.004707955897504723,-0.003169023452657016,0.01715704852121336,0.00863958802037157,0.02489628374558328
1093,2023-05-08,-0.00040311633901868316,0.0016089169321718,0.020839132243123615,-0.002274329116499829,0.0024130868741145672,-0.0015619649703079164,0.0021051507784102252,-0.006437925129277877,0.006259573551194553,0.00395667299236746
1094,2023-05-09,-0.009971249425862916,0.00746481056277859,-0.0038971188601266693,-0.007762887012303654,-0.004815032589913226,-0.008291671898547515,0.00042865012524595514,-0.0053458198686642255,0.001702444848661333,0.00027476812373805615
1095,2023-05-10,0.010420799964673044,0.03348339526223332,0.0409874743098273,0.00372538082614593,0.0005131652118901542,0.0017353624285019187,-0.0012426318199939557,0.017296334923603274,-0.002810882683660476,-0.012827480785063572
1096,2023-05-11,0.0010948093283640326,0.01805969525073481,0.043131969627518085,-0.004082719583584304,-0.00315037593759937,0.005669212733139695,0.01162679836552627,-0.007044395707723083,0.003736695343133256,-0.01809918944022193
1097,2023-05-12,-0.005417544637412175,-0.01711533396079623,0.00806384292485518,-0.0013045091430680111,-0.01433278760716028,0.00391492480569422,-0.008397113800301836,-0.0036759809650875885,-0.00032671283190655043,-9.465010452247569e-05
1098,2023-05-15,-0.0028973978957250734,0.008525256609829501,-0.008510007354666782,-0.007650276513080367,0.008426212690886059,-0.002651632054119779,0.021598676582084142,0.0015857252172675196,-0.00777412794521215,0.0019071604669240738
1099,2023-05-16,0.0,0.01978421437062372,0.025748949426700696,-0.0013159693148248053,-0.006728996058386505,-0.011260791047736363,-0.0001675246564488697,0.007367808439403323,-0.013826666575495916,-0.024269510844979192
1100,2023-05-17,0.00360296178641506,0.018518504813616277,0.011128790468080352,-0.0021967656581202144,0.03074728949204175,-0.0011070992126649415,0.015367199332364745,0.009451557149426693,-0.0016692037618345479,0.0224348807485093
1101,2023-05-18,0.013666361567330254,0.022943736154795724,0.016468109461721392,-0.0032074820258642944,0.007583998444187001,-0.005542357840215839,0.017980180724557204,0.01439488204914996,0.012973920908378123,0.009062911233962856
1102,2023-05-19,0.000628405685499489,-0.01608126535201726,-0.0005699665754465011,0.0027130868063547364,-0.0022940182539999965,0.0004776727036586159,-0.004901692959273785,-0.0005649781099118512,-0.010298965763687273,0.004632724715819547
1103,2023-05-22,-0.005480711297517926,-0.010666648290490577,0.018654319810217812,-0.00538944261424823,-0.008262874666645326,-0.02100902490546719,0.010910280194907473,0.008920987802773839,-0.00880529682874387,-0.012139975119318525
1104,2023-05-23,-0.015155149447031668,-0.00017393506729301844,-0.019912160267250734,-0.0003823560522360214,-0.010432373690523189,-0.001788334301118577,-0.006362842417248382,-0.018431830344586397,-0.0018844646157160083,0.013622865716189647
1105,2023-05-24,0.0016320771964495329,0.015305697616548875,-0.013544264017306462,-0.0009566781818658443,-0.009151297083161203,-0.008469058649927974,0.010010505817465543,-0.004472530074855263,-0.004584981583286019,0.011184251757228258
1106,2023-05-25,0.006692460760113095,-0.01498929336188437,0.02133996644462477,-0.014362328775449518,0.002438048477158228,-0.007720235954760568,0.013964282877869438,0.03845790175523489,-0.009957394769749772,-0.017938449804123624
1107,2023-05-26,0.014104829618694525,0.04443478791610045,0.009151325424628265,-0.00038844759845113597,0.0093613574537319,-0.0024828546302597676,0.03700164849520271,0.021385804410640974,0.0017789354566657423,-0.00653036882744884
1108,2023-05-30,0.01065949201817995,0.01290486257498391,-0.007543614269005183,0.00012949708674470095,0.003797124321997414,-0.007965533569256888,0.0018318788948112896,-0.005046873861676904,-0.0024586992131114815,-0.008859627071437393
1109,2023-05-31,-0.0002817921632831677,-0.00887721353399118,-0.006468824641719717,0.004469806519714847,-0.012731011553905658,-0.002007425527527529,0.008380397819636842,-0.008514200687234741,0.005545849855960405,-0.017877804432919975
1110,2023-06-01,0.016022376697312657,0.01816217265513176,0.006917759326134476,-0.0033535368594828086,0.013779446627420588,0.0056989714665454105,0.029804791650884566,0.012759231968561213,0.003676547396163965,0.011548268087722802
1111,2023-06-02,0.0047753076627927715,0.01205508998453797,0.007678711169811114,0.015724036036298683,0.021006018803253035,0.019333406196968772,0.0,0.008479127652275542,0.009565237928068182,0.023219779614146452
1112,2023-06-05,-0.0075711016694456346,0.008450728786783213,0.010748329851975047,0.008600695123951896,-0.009824296460061666,-0.006703723900756464,-0.004475181331436651,0.0016100033412007608,0.006584996605561555,-0.004444011788175883
1113,2023-06-06,-0.002060439678682968,0.010454888481148839,0.010316651743883964,-0.0008845854937183928,0.0017974443916375371,-0.007242896139422417,-0.0009945982751154991,-0.0067274273336520585,-0.0001332979132732115,0.008167956890538619
1114,2023-06-07,-0.007756230871003078,-0.04249267220189956,-0.03778171467173097,0.0021495080639530872,0.009688339098317345,-0.0014921136275100055,-0.027736827482870763,-0.03086797639892358,0.0014686786934432483,0.022421024968807712
1115,2023-06-08,0.01546515699615858,0.024911297199049942,-0.0029387047281195233,0.01097656460156382,0.00028439947523706266,0.0024906877165973285,0.0037176837926862216,0.005813667106130627,0.014466669603912408,-0.0031326424976049205
1116,2023-06-09,0.0021598357192773587,-0.006599595129369917,0.000736810051451986,-0.001560104315572186,0.001989649827202955,0.0016565403700607995,0.0013983547564055954,0.004703902911106672,0.006045898480215417,-0.007394464592958339
1117,2023-06-12,0.015638708001992185,0.025439515368102628,0.011535529771541153,-0.000687402586918906,-7.102540994874396e-05,-0.0042997578592272045,0.023023047425548393,0.015483818411514694,0.006597362827897468,-0.009032615485615847
1118,2023-06-13,-0.0026115963287937083,0.0007111003199982147,0.0015368105031954293,0.005253413020005038,0.007234330166008496,0.003986178697535037,0.000996413320551559,0.007352908713821993,0.007787185143518283,0.00018797763381028787
1119,2023-06-14,0.0034913304936741163,-0.001894879884926648,-0.0012921180797137444,0.005101300730723457,-0.0037320532769845594,0.006782460668780743,0.00748181493866773,0.009123651295655177,0.010109489644602787,-0.012025474209995002
1120,2023-06-15,0.011198582544282187,0.005458016543269828,0.011482135748407618,0.013431446711069883,0.011308308120940413,0.013741681340773582,0.03102238463962803,0.03189679978576643,0.0054822085885877225,0.00694171882920025
1121,2023-06-16,-0.005859855778620138,-0.012744888197649074,-0.012470946528821969,0.003053878903597429,0.0011878250162364878,0.007186029167655539,-0.0029448558713282003,-0.01657577402028476,-0.013947958616793876,-0.0071771621911127514
1122,2023-06-20,0.0004867760835867152,0.002310948445805039,-0.0034810006176752006,-0.0006089363911034873,-0.005095554767120758,-0.00664831760635054,0.01185033503854438,-0.0125027340397188,-0.008808546020436014,-0.022923985927894353
1123,2023-06-21,-0.005675455678304853,-0.00755284590127181,-0.020714815580194834,-0.0015230163128718832,-0.0014731055359583634,0.0027750377173190177,-0.009460667936699751,-0.01328198495584998,0.0019462108446883786,0.011195435118784403
1124,2023-06-22,0.016525413652136,0.04261789623803569,0.02156770556551857,0.010617352714053174,-0.019252554501856034,0.006837184958759179,0.011503866856555911,0.018437699054705048,0.008351618192878663,-0.0054876750510515215
1125,2023-06-23,-0.0017114253909296107,-0.006300361919969633,-0.006577280563675902,-0.0008451961253962414,-0.005230014225367174,-0.010509304640043737,0.013514842650190984,-0.013806092383190527,-0.0018619364957890294,-0.008712455084449622
1126,2023-06-26,-0.00755293601124396,-0.01546431587167707,-0.03269574770419559,-0.011179476053501003,0.0024487827745764967,0.0003268070022339753,-0.035535144356197645,-0.019162937164506455,-0.002637444823596069,0.0184570838339293
1127,2023-06-27,0.015059048712475986,0.014529104045574393,-8.456886099139638e-05,-0.0020780155007629197,7.17193475205935e-05,-0.002123517710114764,0.030811184848884787,0.01816797500839784,-0.003611748732744502,0.0024929761545497975
1128,2023-06-28,0.006327975094823524,-0.001083754432466999,0.015634340903872612,-0.0020209869064834463,-0.004381960884655145,-0.009330465771044794,-0.006131376224643881,0.003825871999364905,0.005437337509707207,0.008130179666330006
1129,2023-06-29,0.001796367175751712,-0.008834406537251538,-0.008986559589387766,0.006995609312886453,0.0349230353537997,-0.008261701049433245,-0.013179536141736281,-0.002382021750242047,-0.006760010913267389,0.012334006338162062
1130,2023-06-30,0.02310265467474437,0.019233769000189582,0.005037619057799425,0.008653363125794566,0.014013820058563553,0.003332251530532515,0.019358498926731027,0.016385636640769086,0.01879708277818093,0.005154405260991757
1131,2023-07-03,-0.00778469885605626,-0.0010739443770555468,0.0016710037660885302,-0.013110403481994104,0.008044499469155753,0.0059780496165400265,-0.003345251544417782,-0.0074882173054025,0.006489362341125959,0.0019580217263239774
1132,2023-07-05,-0.005871420391370785,0.0012287180203460757,0.015429556040341907,-0.00330560633145216,-0.006661525585977324,0.007428104879567687,0.02919394373312656,0.0004734064633955537,-0.0005687366422606477,-0.005118030500352866
1133,2023-07-06,0.0025087583548859538,-0.015493205988729275,-0.013470287394394598,-0.007431894725792865,-0.009886699037088165,-0.0077011201542978025,-0.008085104604521498,0.009226643057630657,-0.006324749808285457,-0.03732103403091003
1134,2023-07-07,-0.005891156495479999,0.011062622017709689,-0.005245033818350842,-0.014542125784587134,0.007890485437421324,-0.013210223767191276,-0.0050000900622946265,-0.011867467342862481,-0.023041300884337534,0.002331709268159843
1135,2023-07-10,-0.010855945427447389,-0.020419182854096718,-0.025359976801609507,0.001632599072767027,0.005611788105140736,-0.007529962728444195,0.012287897441033202,-0.015983562194415213,0.00905609591108636,0.014831478119586627
1136,2023-07-11,-0.0028101601464263215,0.012978852839820476,0.0059252680863757234,-0.005516665441617663,0.015638914706809004,0.003540787781130428,0.014246762612800223,0.0019286846062862573,-0.0014850847656514565,0.012226571133234998
1137,2023-07-12,0.008985602373410284,0.01568569880112225,0.015280882820735364,-0.0034675382837481283,0.004951891103304851,0.005376224043557309,0.03704437703258101,0.014226940606303806,0.00252191258773804,0.004907065442216529
1138,2023-07-13,0.004057551394686998,0.026758409161619312,0.04717057772357269,0.0046178920111787924,0.004859801783176021,0.008522736903643802,0.01315701296720495,0.01619204483464487,-0.005869507698181731,-0.018311678330320547
1139,2023-07-14,0.0007872020083832254,0.002829408900884234,0.007065825862522468,0.006674872439988544,0.00604564541311392,0.009113602200490734,-0.014485684925974907,0.007529312702547086,0.0034386710604474846,-0.034436449909245104
1140,2023-07-17,0.017305713519293775,-0.008315972513331604,-0.006139180644018083,-0.0050041392134748675,0.024103567592797193,-0.001477774041836355,0.005665863990983677,0.001419378489192491,0.001228597407377796,0.004358943652252423
1141,2023-07-18,-0.0013404133550782849,-0.005465676406731013,-0.007140063334205138,-6.298345003141748e-05,0.0018256914791929812,-0.0039466990699488225,0.0046037565163938865,0.039799873591086055,-0.0018083589196152827,-0.004537265817672109
1142,2023-07-19,0.007071650814419961,0.019046892602732513,-0.013978619136564618,-0.002011745227245565,0.00383966910415956,0.017665448597133038,0.01269028128147287,-0.01226751390212455,0.0003235716939971045,0.006936113711093039
1143,2023-07-20,-0.01009712685694708,-0.03989357175040831,-0.023191073100412796,0.06072824613985106,0.012317474383873872,0.012167412287866108,-0.04268886451544707,-0.02312145375937502,0.018496925498551864,0.017614716834676303
1144,2023-07-21,-0.006161772994910497,0.00030773533446226686,0.006879258840027269,0.010749518804134217,-0.007685117398237407,0.0008014008888337365,-0.027303763288082594,-0.008937178596459705,0.005651393697698959,0.004641645192570154
1145,2023-07-24,0.004220110337051608,-0.009230745755709147,0.01258121474199747,0.00522944145178883,0.01968402966532512,0.00032025062031149076,-0.009005634126397877,0.003897947354905451,0.005872400388835519,0.01568963365132392
1146,2023-07-25,0.004513550073667272,0.002562125956798944,0.005595304142359314,0.007657288914920679,-0.007468297554951375,-0.003362151522446677,0.009807749628364837,0.017009241810591602,-0.0008159509747850402,0.0015163297199434211
1147,2023-07-26,0.0045450052685878095,-0.007589335934878205,0.0577692973306545,0.0019141122115864384,0.005994015504062089,0.01285138564372379,0.013923243864516488,-0.037637496103259394,0.003580986207367909,-0.005583059624796993
1148,2023-07-27,-0.006581092750378437,0.0007803832093540297,0.0010057850193134765,0.005616217259985401,-0.011029255210273647,-0.009674785633304483,0.04400968172204123,-0.020872152012517242,-0.003630931782780289,0.003140247015653408
1149,2023-07-28,0.013507955364864044,0.030877245332297854,0.024575063403275976,0.004548292705064849,0.005704313206285283,0.0006407001540518209,0.04417577360368696,0.023131313521663754,0.004712194723359264,-0.011951907886251889
1150,2023-07-31,0.0031659736025988483,0.011118568090654923,0.0010557537301829623,-0.03983274514210744,0.006691829409591898,-0.00880297590692991,-0.021138062337198393,-0.0072405209011023874,-0.0003126926192438262,0.029569737026978293
1151,2023-08-01,-0.004275727071111568,-0.014886223394710907,-0.008815601164671616,0.008117970442149902,-0.004938075789961194,-0.0025835046377538085,0.012900203850019887,0.0012501523019941008,-0.004691487279720685,-0.00578157590106243
1152,2023-08-02,-0.015489993567996518,-0.026425663778747666,-0.024097170382063715,0.006039400731113309,-0.011324637580316765,0.0030759839207554762,-0.026029657773223303,-0.026282885465745753,0.0006913528821315129,-0.012474156382778268
1153,2023-08-03,-0.0073216180380933915,0.005459768439170398,0.0005453263833230526,0.004296273165041775,0.006113318704221937,-0.005164640540510579,-0.0035633222642078577,-0.002564873051300376,0.0002510454296611453,0.017380568264988128
1154,2023-08-04,-0.04802020589179479,0.08269337801006271,-0.0026470535217920643,-0.00937631406639261,-0.0021105636012259676,-0.015087612729758115,-0.007854595750184545,0.0034284974863600937,-0.005776671291353064,0.0028004564877019966
1155,2023-08-07,-0.01725361231899969,0.01898684357254843,0.026695948141670423,0.024018020813985297,0.0047428992496623135,0.00790640033131318,0.018762372905514635,0.007108502642947601,0.013578432099603743,-0.0020479589388171515
1156,2023-08-08,0.005311453220757878,-0.016031491771390738,-0.000988503023233167,0.0004619760866866329,-0.005613725347307308,-0.004412581886790501,-0.012383175685910297,-0.012298887402252379,0.0009969707765791203,0.004944145974563829
1157,2023-08-09,-0.008954131601755844,-0.01493494570121734,-0.013242140117365464,-0.0006350313752928605,-0.013407657580756793,0.002298163799947961,-0.023765497077174014,-0.01171596735915914,0.001618482315810743,0.016986833378706434
1158,2023-08-10,-0.001234751045803728,0.005150463718840648,0.00023173469616599718,-0.005200308866713632,-0.0014955299228905927,-0.0022928943531485,0.001736628974706722,0.0021721734271622495,-0.000499091111447636,0.0051113777070253
1159,2023-08-11,0.0003374508709315105,-0.0010825194798443905,-0.0010026461221487315,0.009757942882403503,0.005795589599217221,0.004103694031400096,-0.01340991446993356,-0.005945519339323635,0.005865652870051141,0.01552849345078644
1160,2023-08-14,0.009393251800520197,0.015605834874352187,0.013661761531137628,-0.0023582110934700085,0.0020719146977559166,-0.004740654189161586,0.015084050664921023,0.009439042032834966,-0.007444238245679524,0.0008047524968450848
1161,2023-08-15,-0.011200143554528141,-0.020630355012962953,-0.011802432695886322,-0.0028830027913424594,-0.02545698927549578,-0.006734519622129231,-0.013847558922491232,-0.006727447423689581,-0.005124846095862168,-0.025673289502117114
1162,2023-08-16,-0.004959089232026259,-0.018885675014943426,-0.008321931181185516,-0.0031802329923797945,-0.004243282688349059,0.00016520494861738122,-0.02536848883873688,-0.0024286111232442176,0.0005022848456694984,-0.016826904794883135
1163,2023-08-17,-0.014555440069496828,-0.008069975106044458,0.009479588521306148,0.009397074826168028,-0.01038665819622897,0.002149568542670899,-0.03126175442028911,-0.010986326726547202,-0.022416028776020114,0.01937186233947874
1164,2023-08-18,0.0028163895702735253,-0.005672447612115605,-0.01893472807965102,-0.008735070240672882,0.0022873309530213604,0.005609595410902335,-0.00645413951099838,-0.001262098009955026,0.014387549130003618,0.015128995895623554
1165,2023-08-21,0.007736678831083532,0.01095925117625085,0.007139447261201193,-0.029798719960522635,0.003423547756203682,-0.008531630706860693,0.023477549676597542,0.017062557271374734,-0.002659375245255946,-0.012086429455531511
1166,2023-08-22,0.007904755240813799,-0.0031926989840012077,0.005530931093499669,-0.007947495764518586,-0.02073857206361507,-0.006122727493204527,-0.00793381597557341,0.0018019383158418556,-0.0031745247228058826,-0.005611316706949365
1167,2023-08-23,0.021948979638944488,0.009459994580714559,0.025488069608224917,-0.008974618827568115,0.00676316678051303,0.003496434082536082,0.02308779762620894,0.014079247630226499,0.006942233412881693,-0.008788031514607275
1168,2023-08-24,-0.026170393389917446,-0.027154721211281152,-0.019566384457075148,0.0034033824472265994,-0.0009499080151668116,-0.0026546613637551397,-0.02545558581830254,-0.021498442354858427,-0.007653428765095338,-0.007466324845577632
1169,2023-08-25,0.0126433009996465,0.010770617478674804,0.0007704306374147762,0.014338127019715818,-0.0012224872855040037,0.004657988422595016,-0.00435897609165059,0.009407132407782681,0.00592786097657183,0.01786559194559234
1170,2023-08-28,0.008845879956538516,-0.0009004586682715976,0.008700502639112928,-0.01178946464871411,0.00346802707020899,0.0028151531527911278,0.01667237279235967,0.002229101129536337,0.005702622526804424,0.00840649615213973
1171,2023-08-29,0.02181022876871408,0.013294308852149106,0.027173653286698407,0.00012168582501237424,0.00813249610359601,-0.0009907138013638406,0.026631466893401123,0.014550576989567965,0.00837947683874618,0.005954615552074438
1172,2023-08-30,0.0191725127885225,0.0011860029483812262,0.009734547875770216,-0.00353006049631166,-0.004033446067370994,-0.0004957797136795339,-0.009698500532796195,0.001157073373474038,0.00718546093855732,0.009744041379657897
1173,2023-08-31,0.0011724854231152104,0.021766395374215985,0.0021340495140700355,-0.012520580872372955,-0.012351409291244009,-0.010583797180629961,0.002677042285698983,-0.0031325784277542734,0.0087467702058599,0.002795824270952929
1174,2023-09-01,0.008463118877842346,0.0007970481467276525,-0.0037450500701455836,-0.007422063754704,0.00334836205823974,-0.008691408898944264,0.0016561975811595353,0.0027458114322636007,-0.006395658837544671,0.020955094933414742
1175,2023-09-05,0.00126688514758877,-0.006154002858205887,0.0008108657369647609,0.0012462604503011843,-0.011033885029426815,-0.008261675280896719,0.01272000200909873,0.014878510744381623,-0.008046069622215102,8.805271100253975e-05
1176,2023-09-06,-0.03579345594884442,-0.013914209970579572,-0.00964862322300819,-0.01661689364576202,-0.0016528460130873501,-0.0006799904726725314,-0.0032647677454883395,-0.002008596547019459,0.007487436009735449,0.008632138502989717
1177,2023-09-07,-0.0292493491910929,0.018395430569861038,0.005949606269661567,0.012784045388162912,-0.008553842585565241,-0.007655503201144498,-0.001671554499420913,-0.008921940102633585,0.012386318250925843,-0.004890497850765563
1178,2023-09-08,0.0034917216262948525,0.0027565441218631026,0.008280503418210072,0.003311851212538963,0.0007653835718810509,0.0,-0.0026115750650190783,0.01321548063600475,0.001835054306716044,0.014567937441542389
1179,2023-09-11,0.006622458604651937,0.035231212663680456,0.003959372492818636,0.013079470673355909,0.00437996176798694,0.009428853975304019,0.032461509789881715,0.010979096798016341,0.003480496838392577,-0.01254214698695666
1180,2023-09-12,-0.017060478261457068,-0.013067856717097759,-0.011539575672437796,0.0056558635744010655,0.013013952442427312,-0.009850412500481687,-0.019183365662788554,-0.018257574369900498,0.0010953184670463578,0.02916954193507859
1181,2023-09-13,-0.011854914791896931,0.025632022130484877,0.01012272909567602,0.002506492367002622,0.0004782414552733094,0.0024014428114400577,0.011271203220774906,0.012930623884741532,0.00024302660183472824,-0.008936945555982567
1182,2023-09-14,0.008782542635106694,-0.0008975138235036706,0.010167471585873722,-0.0015244568758959742,0.01939770159274823,0.008278614383574467,0.021831607041962187,0.007855805869190657,0.004192976837045448,0.01786330901831268
1183,2023-09-15,-0.004153943268210281,-0.029919857618376344,-0.005068885033565507,-0.013985750681711373,-0.0029482078903511066,-0.008895055002846597,-0.036603299527395716,-0.02503684400925643,-0.0036911361140333776,-0.015356111191032418
1184,2023-09-18,0.01691336921830322,-0.0029204620264398073,0.005895082799107332,0.006317792004910672,0.0020831620445782573,0.006213301590873188,0.007458980421315875,-0.003512857177845219,-0.007410336415045071,0.008054901862500685
1185,2023-09-19,0.006180858396364952,-0.016788047695762587,-0.0012299241240673053,-0.0016618693424419462,-0.001273915430818895,-0.002058170711567775,0.00832936522620642,-0.0012460098569107014,-0.00024466247228838167,-0.00263516643701045
1186,2023-09-20,-0.01999217386064278,-0.01700219075536713,-0.031150305736504902,0.004377536914815572,-0.004230300680829302,0.004468790512931031,-0.017701113593739826,-0.02397687846171659,0.003243938659336143,-0.007926457476589488
1187,2023-09-21,-0.00888940653543624,-0.04405345369833069,-0.02467474172713524,-0.007673319534443945,-0.007821762082097616,-0.015400319249197159,-0.013147628389492239,-0.0038658611633638484,-0.0121408787903029,-0.014089204263409427
1188,2023-09-22,0.00494442174221299,-0.0016238050792075631,-0.0014567534931535508,-0.007175447918864819,-0.009582851773756729,0.0010427132674144524,0.011327789303139824,-0.007886336292031837,0.0026558664770737206,0.0015684022338473547
1189,2023-09-25,0.007380539522605867,0.01665124873434287,0.006602929262158996,-0.0014952236735588098,0.004940615408426607,-0.01041669935047873,0.0058513294605564425,0.0016718366565151577,0.004434686807125443,0.01122331323912018
1190,2023-09-26,-0.02339848787137333,-0.040298626825268746,-0.01937299401360626,-0.007737318141426863,-0.010379008371637077,-0.008245553706316078,-0.006216131494609534,-0.017005894756434103,-0.003495293191703386,0.0015486376449556083
1191,2023-09-27,-0.008897545539659824,0.0,0.015322256931416645,-0.01201118646871513,0.0058649309197058574,-0.010260012696589493,-0.004080743264201603,0.0020823897255752843,-0.004800171364909178,0.032557185405058586
1192,2023-09-28,0.0015254643671687163,0.0,0.013559079131006513,-0.0014641767987205734,0.012416036338597669,-0.0025022859007549636,0.020890713151903828,0.0027178104446303752,0.005070631219852961,-0.006073115457421618
1193,2023-09-29,0.0030465530673637886,0.009049050319664742,-0.010959198789766034,-0.007202927701079553,-0.017413023661944194,0.0030460439257962157,-0.012337229201036859,0.006727066256068559,-0.016057600326902288,-0.015819883782303146
1194,2023-10-02,0.014835475913811624,0.01840783446134786,0.025294210110559545,-0.003852219755340669,-0.008619452080207979,-0.008931716018844682,0.0220181290573489,0.019160690546976333,0.001062947429102623,-0.016584461041586285
1195,2023-10-03,-0.007769897312077556,-0.03661366636292884,-0.012968634956513014,0.0012247529804212398,-0.007372959922023248,-0.010814667435742553,-0.019164468970074622,-0.0261340265778085,-0.006308625529366951,0.001729709205349872
1196,2023-10-04,0.007308781489184124,0.018280939360016735,0.021218805433079302,0.0011585888774832132,0.004484605764368821,0.0029152662022517983,0.015418391219754524,0.017773236639377243,0.012005924091443188,-0.0373824548612105
1197,2023-10-05,0.007198057523655654,-0.008188983586829512,-0.0012569342408044193,0.010416818630140545,0.0042164570984064564,-0.04832845086882498,-0.0025853325306717245,0.0012539652090484132,-0.011925503856208275,-0.022511243437648654
1198,2023-10-06,0.014750596595728416,0.015878056641289273,0.01858296029096329,0.0031817166015488674,0.015395466103992339,0.01450927567012128,0.034909405461959864,0.02473728005535558,-0.016784155756965458,-0.016698763497574376
1199,2023-10-09,0.008450981817903491,0.0023444468936362206,0.006105428282408454,0.00570915514161352,-0.0022744169281094795,-0.004892628531402932,0.009288841309143425,0.007822576858464325,-0.0036441243316367444,0.03499120796648181
1200,2023-10-10,-0.0033521334898800603,0.009511938819224852,-0.0026008287974434996,-0.0011351002639061747,0.0060784186097744275,0.02174726606641353,0.010931046539139455,-0.004335753622960126,0.011293589252134861,-0.004237282422120958
1201,2023-10-11,0.007904000340615891,0.01814956889912689,0.018035862894055565,-0.013766246844586272,0.0034330273778460096,-0.005922563617232424,0.01858067201850777,0.012271918548296012,0.003997378259491313,-0.03585333797043255
1202,2023-10-12,0.005061271365815134,0.0037927633547389927,-0.011241759007993068,0.0009604559323470596,-0.002326520270065524,-0.016756632950181594,-0.011164751817000051,-0.0037903599503826824,0.004550306955832362,-0.00018780914969973583
1203,2023-10-13,-0.010292739750742852,-0.019194502454286222,-0.011585229562971144,0.0033263997407027013,0.015019832971317815,0.001514807170087229,-0.02921389870947655,-0.010357429280529407,0.005536458847362535,0.031934021107720145
1204,2023-10-16,-0.0007269532639485599,0.021265196921155027,0.012667456147257727,0.004335243908306197,-0.001013707029961397,0.010209793642058651,0.02052803550926363,0.014981854269988881,0.00863405255199301,0.0007279744802064503
1205,2023-10-17,-0.008784808598005789,-0.008147882355257097,0.004457087125778303,-0.009141109538332692,-0.0021642392287835044,0.011978374887809728,0.008874392891521365,-0.0017437438152594353,0.0013027431719778715,0.013096880231627583
1206,2023-10-18,-0.007394806337414517,-0.025405007278304192,-0.01259652866242389,-0.02152613269117154,-0.010980818615376586,-0.0003698009091571697,-0.0216974007906654,-0.005872593480231503,0.0007433728788666105,0.014004929015331458
1207,2023-10-19,-0.0021609503264997665,0.002107149015711185,-0.0015222088599915473,-0.0026843396548130727,-0.004249248314365128,0.00555035758112421,-0.013124416518745519,0.0036655506368494795,-0.004766602595591918,0.0006196265438800364
1208,2023-10-20,-0.014704271475385,-0.02515573116103942,-0.015607943279013936,0.004464174406745736,-0.016105648263152084,0.00404783581994228,-0.01329876092711102,-0.014034728976142774,-0.012502276658852285,-0.01716507640918552
1209,2023-10-23,0.0006940140838782582,0.011104892625885654,0.006637292393152361,-0.010522734713978243,-0.013641146979107788,-0.008979215795784423,0.01736595764483706,0.008112184140257162,0.014172218404647552,-0.014673996870580575
1210,2023-10-24,0.0025436375954008827,0.015802781594350668,0.01692282809429546,-0.0010569807425993005,0.0012056908057680449,0.028846121712775785,-0.004649653915690277,0.003674248785719314,0.01391223829693744,-0.00968483978256729
1211,2023-10-25,-0.013491890490851866,-0.055771610960691276,-0.0950939209618642,0.0022481752872267613,-0.005454332601327105,0.008626928898650466,-0.04165720320585975,0.030677994414551435,-0.003001460643133891,0.00184509312856318
1212,2023-10-26,-0.024605449794497414,-0.01499299533713827,-0.026510573768353418,-0.0169557158168272,0.0025638348645746767,-0.006058582004317858,-0.03732506682701864,-0.037514276186827344,-0.006082695703227392,-0.009116730899118908
1213,2023-10-27,0.007969302741279938,0.06832816082460003,-0.0008995915539802279,-0.02281877432159929,-0.03601852336081335,-0.009680743702851657,0.02906182270599622,0.005855541551975207,-0.0037089683293272113,-0.0190520419901693
1214,2023-10-30,0.0123054008714516,0.03890722509168976,0.018744345336609403,0.009821561953662128,0.012749417248863804,0.016473501617890074,0.019984472725689706,0.02274038690979774,0.01147871738393813,0.0031264875829650762
1215,2023-10-31,0.0028186407048087503,0.002863308000901066,-0.003053123344934683,0.008909542409641036,0.011934145525237527,0.006055272198665751,-0.004592625397839334,0.002371496230975323,0.002392177445579735,-0.00028337595482430533
1216,2023-11-01,0.018738664398951332,0.02937864429857373,0.019100626722749814,0.002359581357733509,-0.0008627312161358924,-0.0008852605607222452,0.03511799923798997,0.02354293475975866,0.008934684509313007,-0.001984036960626545
1217,2023-11-02,0.020693167330820383,0.007810272439553012,0.00822456530200344,0.010424280996280677,0.017849309033574512,0.011516692067834677,-0.0031425760819414617,0.006501517293351133,0.003942510417795253,0.032847426946705616
1218,2023-11-03,-0.005180908405124751,0.0038386235328597973,0.012628495882345492,0.0073214489916402226,0.011172540403785458,-0.0061306185075321595,0.011998688864679696,0.012861708193665944,-0.005195919795528026,-0.012189447651231866
1219,2023-11-06,0.014604866103927083,0.008225103459209127,0.008907631483109357,0.0023787484135431303,0.007552335634730456,0.004053532545569949,0.0038143254979081664,0.010572435999113727,0.0013362242245666955,-0.017721449311472792
1220,2023-11-07,0.014450879250050175,0.02125376487729147,0.005528053029432378,-0.005273454730047922,-0.00048587442527403546,0.0036861911919590096,0.009562934134302647,0.0112193976670234,0.004670115958011367,-0.015679527418217987
1221,2023-11-08,0.00588500750357146,-0.004414580990635519,0.006642630964894147,-0.0036446046352459627,0.004930119082559692,-0.0015740249676047258,0.0030111671632380155,0.007405787273106812,-0.008149745178481549,-0.012282845183080204
1222,2023-11-09,-0.002624538101805518,-0.010416636461610618,-0.012135915532403563,-0.01948792608720329,-0.002971140403023931,-0.0075318616251556225,0.0024079151590545855,-0.006910872170875604,-0.0023129177692063907,0.0002914976018246751
1223,2023-11-10,0.02321989677676206,0.021052569890351647,0.018043357925079384,-0.0011532504969148372,0.014831427810713338,0.0010588353927074579,0.025643264495591733,0.02489684920825952,0.01384826907397585,0.0076728443836242555
1224,2023-11-13,-0.008583568873218983,-0.006756765374750118,-0.0037707466779265397,0.002580699041856649,-0.0044390953239453745,0.0037023661440680478,0.0012775451972777407,-0.008088375620114663,0.008965664276082252,0.01050595686200384
1225,2023-11-14,0.014285784602734442,0.02251214528584833,0.01158287802145197,0.00020323840633462709,0.018246704478567688,0.0029860463820945427,0.021629079055725642,0.009790660291013609,-0.00017890512866514108,0.003850250070893013
1226,2023-11-15,0.0030407719574843117,-0.017832688951265996,0.007483934910871293,0.007720376728553191,0.008757756331973177,0.0019266238512047895,-0.010704656862745132,0.00040585107710144896,0.012704957905581127,-0.006040800072444785
1227,2023-11-16,0.009042343430612831,-0.0025837648398919777,0.017159276152964864,0.008736607626734783,0.011419652154456505,-0.0010487279031766716,0.004448408857214758,0.017583328210817983,-0.08092817815789821,-0.011576378097981621
1228,2023-11-17,-0.00010564805900947771,0.016453061783939793,-0.011830636377588966,-0.0020656440857671488,0.009046037762498571,0.0019246503588981057,0.0025434700437745317,-0.016801019475972012,-0.004421918638656486,0.024399736225149127
1229,2023-11-20,0.009278342639201576,0.0065436854591447435,0.0069469127068535474,0.008815955164432898,0.0030754827695282927,0.002444966903925483,0.014714718215840472,0.020521805840350904,-0.00032194205012814336,-0.004382559035738143
1230,2023-11-21,-0.0042307598150534975,-0.015260459261028925,0.005284615638243784,0.008071325686902053,-0.002087433900115676,0.010975587852182,-0.008794853635932354,-0.011577819546429557,0.003606033802761921,-0.00038269080883357454
1231,2023-11-22,0.003514423840145886,0.019527539517508297,0.011097076958761054,-0.0019851083952503457,0.002353262281969526,0.006720584419325659,0.01338349313807563,0.012812477689229107,-0.007635156684249744,-0.004307845973756663
1232,2023-11-24,-0.007004393017075672,0.0002044767086364363,-0.012997350161597643,0.01113917277380927,0.0013695835423899183,0.002567903588624798,-0.009546407825402836,-0.0011116757170209768,0.008986950590703424,0.005384019471512458
1233,2023-11-27,-0.0009475024403767796,0.006746559883569869,-0.002048469258835728,-0.008000127485253916,-0.0022793773681442087,-0.0018781984582951772,-0.01043665065810373,0.0031265360024161915,0.004549527731050329,-0.005833525587372157
1234,2023-11-28,0.00321408445830218,-0.00473835354015173,0.0057913605654011935,0.00231356423119089,0.002284584799030709,0.002052677977157691,0.012817342462860593,0.010802629704981026,0.011928329954293604,-0.0005770575813335288
1235,2023-11-29,-0.005409660220899837,-0.0048288883967405605,-0.016107838766193372,0.003165834799615075,0.005080366752416632,-0.005974754172707875,-0.020029974054423638,-0.01005998727444335,-0.016137168377424183,-0.015014537393580718
1236,2023-11-30,0.003062781899887179,-0.001571972217158657,-0.01822345893094346,0.01676408050876077,0.011404725160653273,0.011597748435435706,-0.015201785131820689,0.00015830967223751102,-0.002498770204231615,0.003908725550150427
1237,2023-12-01,0.006791243685053239,0.006434406632690459,-0.005055321454852546,0.0240527453892867,0.004869202554429908,0.0034222045697078762,-0.007121838034405803,-0.011612208266176371,-0.008671035859426524,0.002433251476964937
1238,2023-12-04,-0.009464584013712085,-0.014894936132684111,-0.019642292305881104,0.003156957292925533,0.007332447489734273,-0.00119352672798001,-0.014777723867863357,-0.01433879492617951,-0.0002592847839147927,-0.005437342644685317
1239,2023-12-05,0.02106310148694024,0.014084566393959497,0.01330585385685401,-0.00207683349771981,-0.00012673000992124983,0.0015364972718545644,-0.005405889591142077,0.009156397885854428,0.00926754810282815,-0.0194278210564629
1240,2023-12-06,-0.005686835770288612,-0.016067541747663228,-0.007405399431279047,-0.012172873255035133,-0.010508197707558176,-0.0010229221394737475,-0.00263912236305186,-0.009985900855656982,-0.010851889443313278,-0.013241830056786807
1241,2023-12-07,0.01013924954161749,0.016329923474831087,0.05314548022030641,-0.007789677661759531,0.003070706421175018,0.0023891696354250147,0.028791890094228334,0.005829621551443509,-0.0065811622732451225,-0.006961985145239491
1242,2023-12-08,0.007412321272912026,0.0036764247561378305,-0.014167753336355005,-0.006306317463669386,0.011033872440170622,-0.002213093094693086,0.01886174264755458,0.008842167983533988,-0.01049462888482433,0.011481449195292148
1243,2023-12-11,-0.012927265784934305,-0.010378502226973785,-0.012593420357560281,0.004144459865101036,0.0036587168884139043,0.007336627739059409,-0.022449282734181453,-0.007829380816623432,0.002518972479788717,0.0007031953869984786
1244,2023-12-12,0.007919904077198003,0.010898597193382598,-0.005777100929765688,6.458358994088087e-05,0.008925337958954005,0.006436302649167613,0.02748392506577768,0.008295152800165795,0.0007934173473629347,-0.015759864947795355
1245,2023-12-13,0.016691644272336825,0.009221593773735215,0.00037742477422719745,0.004642986774997526,0.0033641676060913728,0.00858290805812123,0.001555890490782419,-2.6865814213294925e-05,0.017772252392781906,0.0088728527034736
1246,2023-12-14,0.0007577812569776743,-0.00954043404920335,-0.004752063622040836,0.006932398307044618,0.01819190480338584,-0.014850588405684761,-0.0046901906057811305,-0.022544340564190635,-0.012203999860669112,0.026890528697045113
1247,2023-12-15,-0.00272571338787142,0.01729753821347546,0.005002250482162962,-0.010900668473411534,0.007561335663091695,-0.007452709902833976,0.00525262021722428,0.013117361976888509,0.00374596948143191,-0.006694215076999632
1248,2023-12-18,-0.008503434538536747,0.027338841569267247,0.02413271671509354,0.0018046520878221006,0.006052124053676167,0.00716736982721522,0.028961983086737364,0.005178708395995324,0.014599808878688059,0.007433116517441052
1249,2023-12-19,0.005360128545492282,-0.0018174467759756174,0.006258981843435318,0.006562082288820381,0.013355004291748962,-0.0032192073410493016,0.01665604749629601,0.001637009561481939,0.0036137983591237877,0.0131823782648548
1250,2023-12-20,-0.010713751424088924,-0.01085895208954335,0.012367595795670372,-0.020388625001537597,-0.011279236208840193,-0.02073776418161588,-0.003082378568795563,-0.007072855241042841,-0.011702026684986988,-0.016700649391972466
1251,2023-12-21,-0.0007701133962697559,0.011306871390431628,0.015035589681950512,0.010243248282062023,0.005704051067785709,0.006596065123295913,0.013771199966608139,0.007878755796011161,0.007091408789807074,0.004542409686181026
1252,2023-12-22,-0.0055473951499631635,-0.0027300973670256745,0.007619919118066809,0.004004183462682276,-0.0005970969107808033,0.005690616831214523,-0.001976985319754765,0.0027842053068438677,0.01195081381953389,0.0017694447915743705
1253,2023-12-26,-0.002840893028201341,-6.514474615582078e-05,0.0002120330610646537,0.0043739839701371075,0.0059139154835468055,0.004115193269795148,0.004074686602403954,0.00021348575243651524,-0.0015321072386812462,0.002256739233183813
1254,2023-12-27,0.000517983060532412,-0.0004563413242133496,-0.008126319693945727,0.0013449941274021882,0.005997954064598687,0.0025613592294488896,0.008454791668382144,-0.0015747013722398062,0.009398509616749484,-0.004699364341162804
1255,2023-12-28,0.0022261101835541197,0.0002609139551152939,-0.0009972733085645835,0.0014711846839066123,0.005313219101230393,0.0006814599512483532,0.0013694257059049253,0.003234619230785274,-0.0019635694784125857,-0.014459957433456738
1256,2023-12-29,-0.005424171035089187,-0.009388462612883952,-0.003850669336031065,0.0010218478571661915,-0.0011744646027604944,0.003063787839472143,-0.012167719055251935,0.0020251590567137434,0.00050754706725753,-0.0020961104355826654
1257,2024-01-02,-0.03578652127168713,-0.013228970207501023,-0.010881219285126864,0.020607456869438545,0.011640085378302745,0.015102799943462974,-0.0216691466262644,-0.01374848318916666,0.010403003903513897,0.023804829648911285
1258,2024-01-03,-0.007487491710624017,-0.00973782115920796,0.005427974064465602,0.006250953293317485,-0.004358334472216563,0.002340238879573686,-0.005255763496149424,-0.0007281406306657301,6.266638403040758e-05,0.008401758650917968
1259,2024-01-04,-0.012700259680099912,-0.026267891590348702,-0.018211929147492256,-0.0021120808185774997,0.006636067398617218,-0.003335518999117326,0.007693060459454948,-0.0071773988121629495,-0.009667375615390217,-0.008719193640905898
1260,2024-01-05,-0.0040129403320378065,0.00463442024626004,-0.004839155058710576,0.0031127364797871593,0.0050171831447900495,-0.0015060375494724276,0.013914397692547098,-0.0005165162003171186,-0.006655594185135172,0.003029626348229675
1261,2024-01-08,0.02417473852785923,0.026576703830634596,0.02291334080834395,0.002482482178510992,-0.0014511106735114465,0.0073738191109444795,0.019065184524901913,0.018871616450687467,0.0098271516145636,-0.01666167385796924
1262,2024-01-09,-0.0022634094463819254,0.015224607114340927,0.015197189141654466,0.0006191594093145625,-0.007906109459300037,-0.0018300626654945695,-0.003429447800676111,0.002935810189991228,0.00669813717129264,-0.012386316195603264
1263,2024-01-10,0.005671443500036677,0.015590940651907248,0.009436038202152552,0.0014846796359431202,0.002109443801760591,0.003333499503459292,0.0364827851480114,0.018574008184971236,0.01242874523138826,-0.009832223538931317
1264,2024-01-11,-0.003222489210411905,0.009432101662268044,-0.0014055971073614337,-0.004448141208784895,-0.004210006830706603,-0.006478395510496671,-0.0021595612932427954,0.004859531092840097,-0.0011160416753380753,-0.00020273525737157794
1265,2024-01-12,0.0017780698953262508,-0.0036086969005325598,0.00401157419338638,0.007694792007933993,-0.007339953894034523,0.00969732530830214,0.013038742653627367,0.009983518320765494,0.0013033821833190462,0.012972430341519736
1266,2024-01-16,-0.012317093638901988,-0.009442449238027617,-0.0011214318262093848,-0.0115154185561821,-0.006270509202583541,-0.0066235376687303615,-0.018772329238305074,0.004633438012283664,0.0031614335608722843,-0.022611062992962783
1267,2024-01-17,-0.0051735246513160416,-0.009467203666572499,-0.007158422821266552,-0.0005605668217598669,-0.00535728495360166,0.0,0.002476652844986882,-0.0020496667143925507,-0.004696219393886758,-0.007267824079380869
1268,2024-01-18,0.032570704991517374,0.011798781932089941,0.014208007544660006,0.004861987329187745,0.0019749627269258774,0.0028336949946727863,0.02106562691986369,0.01129727709924544,0.013472257571484736,-0.0018561953352893568
1269,2024-01-19,0.015532957094318123,0.011986946826648914,0.02021182441481506,0.00291517787451423,0.017261898614733706,-0.0054852862851383355,0.01946134862368809,0.012186934691744034,-0.005268232576226217,0.0015494366492974088
1270,2024-01-22,0.01216338223957858,-0.003604979862209201,-0.00266424314327085,0.004886338015594793,-0.0011743425378488714,-0.00434575288048733,-0.004355078593547446,-0.005418071227068055,6.161818888128501e-05,-0.0013408356035166102
1271,2024-01-23,0.006653240170583441,0.008011406531487353,0.007192091449908178,-0.016372325007481425,-0.0065840689642191474,0.004700394969444632,0.008958121236382732,0.006027568557338769,0.002524747124866167,0.01125796934915746
1272,2024-01-24,-0.003483941294491255,0.005447960655367012,0.01128934377687707,-0.005318682072344871,0.00893562321289676,-0.015705936478224602,0.014278158479342773,0.00917516154530329,-0.014127705069421626,0.017260710966071846
1273,2024-01-25,-0.0016965376617410488,0.005609771850602074,0.021318286818735377,0.00377450524708256,0.014310862125853197,0.004243869006246737,0.0063476691270480945,0.005738180247846669,0.0145793710848654,0.025401530381196524
1274,2024-01-26,-0.009012813821754673,0.008684596622424712,0.0021071047418468325,-0.00037606185854699437,-0.003816497455467749,0.0035495206380333766,0.002441524582728505,-0.002321633361347719,0.008781761541243105,0.008518795672252555
1275,2024-01-29,-0.0035859134135917126,0.01344896590822775,0.008673328841563022,-0.0008777736943167413,0.0026121265302567753,0.006063723457310655,0.017455769454522096,0.01433418445611645,0.004687158321649454,0.0012620775901128756
1276,2024-01-30,-0.019245939177032878,-0.014014601164705653,-0.013354128492959916,-0.0037021904874389167,0.020494451203614705,0.002846234822730276,-0.002393869264918358,-0.002757997100545806,0.0033326045072685773,0.016677977089607277
1277,2024-01-31,-0.01935764010592056,-0.023899390262627773,-0.0750032809478709,0.0008184268596866939,-0.010835758803282025,-0.006844802235530634,-0.02479631499549395,-0.026946321383351735,-0.00205320328792713,-0.0194563984577929
1278,2024-02-01,0.013340652931328467,0.026288672108771616,0.007566055699716578,-0.0033979998554785062,-0.003613168084208307,0.025046245508594467,0.011893035993505885,0.01559441314583676,0.01851727384142343,-0.004085146664926098
1279,2024-02-02,-0.005404885386694147,0.07866649218561839,0.008642727064359867,-0.011050847576331013,0.0057558472827068385,-0.0072154114463179875,0.20317653705869,0.018425769322228946,0.007486243431655826,-0.004102064373083247
1280,2024-02-05,0.009846417619508774,-0.008730574595861018,0.009130341385319651,-0.0051721010021356095,-0.0013161531897863954,-0.008259075694327822,-0.032800607591094155,-0.013544994155132661,-0.005366390966825119,-0.0041187991216393716
1281,2024-02-06,0.00863181841817684,-0.00681113075414308,0.00292321735941381,0.01450583626304125,0.003438434688823433,-0.0016655712176262272,-0.010208859608648035,-0.0003944980267063247,0.006818352798943161,0.006893137397508298
1282,2024-02-07,0.0005811012516196978,0.008158468416245013,0.009993033553715058,-0.0005062430625043524,0.0018847090883773454,0.0008342429715828548,0.03270136554149361,0.021110260812899462,-0.002532201375865517,-0.00029343455483388237
1283,2024-02-08,-0.005754729989208451,-0.004046223223746481,0.0025423039912693124,-0.010001144940719686,-0.0035914036643724945,-0.002667134918756142,0.0008732154330937103,0.000145001120122501,-5.900251033896797e-05,0.01711997247156183
1284,2024-02-09,0.004094034423356652,0.02714319777292107,0.021177517059569828,0.0023017515816459166,0.001201418916220831,-0.004512894602432538,-0.004021257189136707,0.015551326927721876,-0.0005314689745733459,-0.021160040131970814
1285,2024-02-12,-0.009001982412509713,-0.012095159915523457,-0.009865748666469831,0.006953384306020993,0.004456966847587118,0.002350660500228141,0.001687561553058714,-0.012578749592259353,0.00602547978070489,0.013756554939813093
1286,2024-02-13,-0.011274392925847865,-0.021469171561243172,-0.016200291325556337,-0.00874250190274517,-0.008703625130764725,-0.005862698988938653,-0.018724618778655167,-0.0215286818093946,-0.006811513989681162,-0.008608896745832095
1287,2024-02-14,-0.004809771022246667,0.013875689909627953,0.0055119169405983826,-0.0046654452160423965,0.010157440138406582,-0.0010107550905604779,0.028601222675547877,0.009665347245561673,-0.0031925270664147076,-0.004933947046546705
1288,2024-02-15,-0.0015747167696340547,-0.006901349311422389,-0.021721241224627374,0.013997534547181223,0.021814381947671713,0.0018552351611771378,0.022713944476634662,-0.00715502429035253,0.004092578981444328,0.028659377890893234
1289,2024-02-16,-0.008430271461373762,-0.0017079419299743659,-0.015759585580669366,-0.0011483708811399485,-0.004670039086990041,-0.00016835165821238451,-0.02212674568072759,-0.006149332817510067,0.006320361821595677,0.0
1290,2024-02-20,-0.004113980659307792,-0.01433539469369316,0.004269934765250394,0.008367753929076516,0.003909869478462946,0.022057506231741186,-0.003317047659930239,-0.003143076707528558,0.03228471947895617,-0.009447613948389999
1291,2024-02-21,0.0041860155075681416,0.00903755380828164,0.01013319082239117,0.005194407017068858,0.006509923747891833,0.008896223171776185,-0.006832860214605052,-0.001514412186748526,-0.012282532218146236,0.02043795446578822
1292,2024-02-22,0.011243870010741785,0.035530017339574504,0.01080310486869851,0.011154582476144537,0.011995531598770315,-0.0014697073401258587,0.03867279348483543,0.02354666623315982,0.009844570943700282,-0.0008582723260510683
1293,2024-02-23,-0.010034158464172771,0.0023485144793740087,-0.0009020173027589617,0.00866334336270036,0.0050253870939362955,0.0008176022044406039,-0.004319993507874931,-0.003182376807474907,0.0008551473955376032,-0.008782129049545673
1294,2024-02-26,-0.007451227885586609,-0.0014858549486425066,-0.04438730025330162,-0.006487934653964689,-0.0034240553111272165,-0.00800634211068807,-0.004731084263992158,-0.006823501534158893,0.01845521479508383,0.00394846095341439
1295,2024-02-27,0.008114453314312708,-0.006810521779339163,0.009522266224880616,0.0011815894729105825,0.0004906817184302525,-0.006094668971926787,0.011022515522156828,-0.00014727351261167865,-0.00016774749127401734,-0.002110412883120305
1296,2024-02-28,-0.006625469104526327,-0.0021896371944472026,-0.01800093519120516,0.0035407860076357434,0.00506960728847794,0.000994374194949632,-0.006221097442264623,0.0005888766493526987,0.0005032613682902642,0.002787709298750274
1297,2024-02-29,-0.0036929933615745814,0.02078996747858297,0.015251446889041897,-0.0010521854315252988,0.009111529694023623,-0.006291379714798762,0.01262348868373886,0.014519836518747331,-0.016940418253401424,0.0019172485586813615
1298,2024-03-01,-0.006030429004668325,0.00825982552183624,-0.009533505049538649,0.0045855037057862535,-0.004138492983844166,-0.008163950622916638,0.024830066684494723,0.004496653410252405,0.002559247396824782,0.012628986335040837
1299,2024-03-04,-0.02538127752718755,-0.003591063770984282,-0.02763605833294258,-0.014063748858632152,0.007501809874488563,0.004703553012961992,-0.008182262703187893,-0.0013957489763811726,0.009189917947991955,-0.013983209542653974
1300,2024-03-05,-0.028440903384239435,-0.01948421375262155,-0.005099342516049488,0.0008134048964909546,0.010017294647818087,-0.004848730786837785,-0.015997949029915026,-0.029572075039064782,0.012478879383696961,0.01226515536447148
1301,2024-03-06,-0.00587829860066158,-0.0035033346396604603,-0.00957268656209298,-0.003938245637042148,0.0051974745711005355,0.0005040367786641742,0.011974218323957952,-0.0013908100951280922,0.0088274141979372,0.010696787388328799
1302,2024-03-07,-0.0007096105800260544,0.019076784751165476,0.022678916827852946,-0.002949717955315956,-0.008758446866956815,-0.0018472037964506471,0.03245382752432491,0.017533525187662047,-0.00346712137561922,0.005619533556098677
1303,2024-03-08,0.010236709383779408,-0.008313545751684748,0.007664745137607287,0.004091448499722317,0.0018629474978923977,0.0013459071075920814,-0.012183009807366085,-0.007136908745174586,-0.003976090273871025,0.009406778134990468
1304,2024-03-11,0.011831656603280116,-0.019332758891648982,0.016690138084652695,0.010719475730186723,0.000371947708898146,0.012096814223285346,-0.04419404162167606,-0.004185037147782622,0.008982159623681207,0.0059051096725593055
1305,2024-03-12,0.0027784413204459124,0.019946455814511488,0.006028910474663363,0.009365677781770332,0.008231926771995468,0.004315972303961635,0.033416785396047866,0.02659928984709614,0.012363853621336851,-0.0064207397263861266
1306,2024-03-13,-0.01212257826646701,0.0066708374081581034,0.009313919993175102,-0.01007748691849375,0.008112009381508356,0.010247959022982256,-0.008364246845524503,-0.0004332128778683497,-0.0021168246028362425,0.01117042428332149
1307,2024-03-14,0.010927361349098552,0.012403729449981915,0.023678600212476475,-0.011731865972574806,-0.017817935883939096,-0.0022264576967370164,-0.007546982880799913,0.024379644024755676,-0.0008516232973747595,0.017712107038158065
1308,2024-03-15,-0.0021964358427213337,-0.024223786467438835,-0.013417332817134642,-0.00646944407475647,0.012395613065958377,-0.01024776017136686,-0.01571674942963608,-0.020695213430319104,-0.005571810976341296,-0.0017942707603391117
1309,2024-03-18,0.006372249894454507,0.00034398325434925603,0.04604061579717289,-0.008977086550436497,0.0124015790756824,0.00417480254804925,0.026606080042406166,0.0021612503329866417,0.002966359049710654,0.009256843894181133
1310,2024-03-19,0.013585251503802187,0.00813845829732096,-0.0044013863497121,-0.0035086809883164705,0.005865283694511225,0.0016632607885209705,-0.0014889910180179156,0.009800694608155247,0.000164292557144341,0.007034685770644922
1311,2024-03-20,0.01470918604658289,0.012791359170393646,0.011630182241451292,-0.0028806397156893038,0.013106780396393125,0.00863346689009803,0.01870066418191274,0.00906476541470047,0.0062428589396117395,-0.0008843201220086749
1312,2024-03-21,-0.040857608176140814,0.0,-0.007664317419291522,-6.422455398225058e-05,0.013905282236156724,-0.0046089879924083865,0.004431076538997658,0.009735849287584086,0.003265246623820106,0.0044252253802932184
1313,2024-03-22,0.0053101572076084125,0.0040415450203241665,0.021476844314689547,-0.0033388520110955167,-0.012257620992264684,0.0003307282439379833,0.0035844200291366146,-0.0014672102221924277,-0.009438554861540771,0.0
1314,2024-03-25,-0.008300417724503406,0.004696213001679439,-0.004642716543266978,-6.423529136956319e-05,-0.009154818511302398,-0.0014878852934873121,-0.01287342827138993,-0.01371466169491753,-0.00492854255900943,0.010221210856304008
1315,2024-03-26,-0.006672318633203389,-0.007845994154095037,0.003998003766107594,0.0035432836020126146,0.004670937306788359,0.002317981679966552,-0.014174348851992091,-0.0028614735379647316,-0.0009904750154701158,-0.007501145771198869
1316,2024-03-27,0.02121249072747422,0.008581036192426339,0.0013274292005425181,0.01405939143343038,0.019363520798970413,0.008093706294453495,-0.004093765843879993,-0.0005217609210623753,0.003470485532214518,0.010369982061784189
1317,2024-03-28,-0.010559091965533951,0.0030584610251771505,0.00039770084045409604,0.0014559763895720668,0.003909451069676884,0.0024578010907354564,-0.016765881742961897,-0.0016846970350347101,-0.009057949764149531,0.011046344879379832
1318,2024-04-01,-0.008455781435155463,0.003270852211551434,0.030212840304228328,-0.002591938610450817,-0.0067898600962083,-0.008172649795734954,0.011882747158976859,0.009150925720251779,-0.00282538976135005,0.006452142660885007
1319,2024-04-02,-0.006998902159629394,-0.0015472110151306673,-0.005981104344837118,-0.0003167038018203616,-0.0004021197674738408,-0.008734201368115535,0.0122518929766815,-0.007372134916644679,-0.014000004281327083,0.01957437194444611
1320,2024-04-03,0.004797496247937794,0.009519072430478781,0.002328837742142209,-0.02199977401920794,-0.002816051234421413,-0.00532007235825338,0.018839176369024768,-0.0023490940511086134,0.004563893589193624,0.00016783618531746036
1321,2024-04-04,-0.004892216844412101,-0.013212014767422509,-0.02833714794685671,-0.011409343365420987,-0.007608502334243372,-0.008858556815327767,0.008248931595105757,-0.006112445112173792,0.0011779167011312097,0.003520412608058132
1322,2024-04-05,0.004501730070037402,0.028166707356770848,0.013087339723525382,-0.0007211478244772973,0.009200137483043491,0.003541469787679441,0.032137948577478204,0.018282678948351005,0.00588219633307796,0.013782171665439158
1323,2024-04-08,-0.006663540767380405,0.0006483768975988902,0.015410022784788424,-0.005249886927309877,0.0052165500236709406,-0.004032965332408045,-0.015341258669550273,-0.0021854469563798995,-0.0011694556370324127,-0.006756199960826992
1324,2024-04-09,0.007242611866790094,0.002591909504893186,0.01130107071350972,0.004617894485286156,-0.006701078753072021,0.007592353271422825,-0.004525624237805337,0.003980106618808321,0.0001672606949671973,0.005226067020827729
1325,2024-04-10,-0.01113945555080631,0.0015080453603608657,-0.002937376766046329,-0.013723783285077173,-0.008521339921384818,-0.013395811196016516,0.0056686610326392994,-0.007084370306543741,0.013881943461669266,0.008417156401269388
1326,2024-04-11,0.04327101769363306,0.016671181255133227,0.020942641038038445,-0.009387536702480492,-0.00020470452359544478,0.0022063892317063516,0.0064056621471575426,0.011033384639881127,-0.008743005974031104,-0.003355088860753863
1327,2024-04-12,0.00862669943595007,-0.015445639364236818,-0.0105387698408409,-0.00853545154656854,-0.06467780289645353,-0.013039815842758706,-0.02152304229306612,-0.014091080963543612,0.0008320538276516132,-0.011659326851932827
1328,2024-04-15,-0.021863624823620365,-0.013485250630092094,-0.018195599623458625,0.0004743543081038304,0.0005471747055518783,-0.002402231381683606,-0.02279732613712182,-0.01957816171965665,-0.0034919019857361233,-0.005732423857244484
1329,2024-04-16,-0.019167315628894732,-0.001633742516860992,-0.0029705794313825695,-0.021275281966060988,-0.011427730502484024,-0.0013759296721097547,-0.0009396134661878719,0.0022725602563318237,-0.0015018384125778939,-0.008272012148516694
1330,2024-04-17,-0.008147268447418199,-0.011128128209780819,0.006930081990376147,0.0022154286394970857,-0.003982333605060839,0.007750442303001703,-0.011185325834193294,-0.006609167181256148,-0.0031750274965250957,-0.0005055302813326001
1331,2024-04-18,-0.005714272097310236,-0.011363622972558218,0.0034733049121153936,0.006700246915347208,0.006497154942606054,0.006836489643421206,0.015440011350462468,-0.01838084984241417,-0.006538297537070581,-0.0009274691226431875
1332,2024-04-19,-0.01221276420015327,-0.02561096030926935,-0.012306838151326494,0.014889695367621858,0.025103416468989836,0.021388598530224012,-0.04131124029237343,-0.012738997032774257,0.004556258681895464,0.011474964236885654
1333,2024-04-22,0.005090839186387752,0.014888568814227066,0.01421243905670555,0.00818054411616953,0.019429457827057517,0.006315368949812328,0.0013719254780248935,0.004610088781920707,0.010247059468106778,0.005672425652680113
1334,2024-04-23,0.006391922802240435,0.01303389727631088,0.012669607531396343,0.002950625490920622,0.014413244491307653,0.0014864778520207178,0.02982995703116198,0.016485569909963305,-0.0174593804935117,0.0038984852389014613
1335,2024-04-24,0.012702189954491683,-0.016430862529557833,0.005497385558139722,-0.00688676163752322,0.0048922716951611545,0.015006582354835762,-0.0052409953661239905,0.0036556416577107065,0.013200194730948356,0.00016520717930679218
1336,2024-04-25,0.005147219252627844,-0.016535467634067658,-0.019669624406545738,-0.011512738457836402,0.0015019426333753305,0.0030869522981502584,-0.10561291515931559,-0.024495032819117135,0.005679030901464044,0.0023130576084917642
1337,2024-04-26,-0.003472788679127592,0.034260361668536854,0.10224373040520485,-0.004631652432686928,0.0006207005314600167,0.0,0.004327445486661086,0.018243632863962134,-0.000830395607940293,-0.027775473031442233
1338,2024-04-29,0.024808145460842423,0.007460258507441919,-0.03373082658303439,0.004653204458436644,-0.0010854904329844484,0.004859007776822022,-0.024070141240762566,-0.010016681886902523,0.0013297630590476395,0.014242170285002409
1339,2024-04-30,-0.01827093821599657,-0.03293549122868411,-0.02028288591337346,-0.01518875499617045,-0.00796770557731974,-0.004352006401561859,-0.0056629548312274736,-0.032119350382801115,-0.014774210442900726,-0.011451069276050663
1340,2024-05-01,-0.006047148667342905,0.02285714285714291,0.006634751356788149,0.04557717315956067,0.00062589417158887,0.0025902734309859454,0.02096822796425113,0.01440940194973006,-0.008424479446743738,-0.01893969440722376
1341,2024-05-02,0.022031928720760208,0.031955314082140474,0.016843586163952873,-0.008334451339020998,-0.0010423661919952698,0.0009687940097575787,0.005669604702405628,0.00734283228081356,0.014613321827398718,0.0018098133067998567
1342,2024-05-03,0.05981619986929387,0.008066292135759712,0.003721203974442755,-0.004335809802663793,-0.006000295638337927,0.002903634283988099,0.02327471398415981,0.0221697308267792,0.0018421550600338232,-0.0020646014335989893
1343,2024-05-06,-0.009106683983783226,0.013371946429286963,0.005142222023517551,-0.00462232488030756,0.007821137850029691,0.002895357654311592,0.03035669163658361,0.016918320164327927,0.0008358094442952879,0.006465420996773608
1344,2024-05-07,0.0037971732747672515,0.0003179520909595279,0.018738738178061487,0.0009422672044929747,-0.0013021527383382248,0.004330433302035752,0.00549738857218518,-0.010156200711012753,0.012527321848416317,-0.004967832696341268
1345,2024-05-08,0.0018640957531674829,-0.004026247769404412,-0.010919643544570534,0.0015464365239399314,0.02033900612356554,0.003672886381133278,0.009311433819469306,0.0029314584796975574,-0.005278882070446134,-0.0001721888951504713
1346,2024-05-09,0.01001429048098923,0.007978723404255428,0.0034243172302015346,0.006042199217499489,0.009455660701610968,0.0004774028973635325,0.005966891301121269,0.004335954998088587,0.005791184183629339,0.019715933509873773
1347,2024-05-10,-0.006890277628308961,-0.01065965315282813,-0.007707749135210218,0.0004006532733178414,0.006430510051933069,0.006043189167778129,0.001640852801415349,0.005869089793586912,0.0006618287432613723,-0.004052710096192902
1348,2024-05-13,0.01764547709117137,-0.004853789332504466,0.0029053885474836783,0.008738604203176958,-0.000201305974511512,0.005058590423653753,-0.017198794945574414,-0.0024592893365821267,-0.001157578573932505,-0.0004237325059057717
1349,2024-05-14,0.006173420390389817,0.002679959159411549,0.007094847376188929,0.001058122446550458,0.013988696724266836,-0.00754953586120144,0.008204964048547314,0.0068645199869021845,-0.009104360852667304,0.006070308251992396
1350,2024-05-15,0.012218006174512297,-0.005773249525686364,0.012739012855433662,0.008521473274319291,0.002977662985956364,0.0004753832521198209,0.020536197763850073,0.0174839167603551,-0.0005010676765343502,0.007733541184072434
1351,2024-05-16,0.0006323518398505534,-0.012688857146349708,0.009680691208611814,0.010545511067267865,0.0017811046975662048,0.0030096288527849957,-0.017257037838422806,-0.004940072930282091,0.06986458361425685,-0.005987583033015831
1352,2024-05-17,0.00015819055279209238,0.005826891232250109,0.010793634193667856,0.0023334242991097653,0.011458530187606009,-0.0045799376449167095,-0.0027893732042147956,-0.0018526967585704712,0.009998245772964154,0.015016697538960733
1353,2024-05-20,0.006161976892606891,-0.006280474722663021,0.004884614120902242,-0.013885363346287649,-0.044972832538994756,-0.007298182519279162,-0.0065055182415066914,0.01220830380178417,-0.0072697401655243965,-0.008107800447910485
1354,2024-05-21,0.006857261522338787,-0.0021248741632045043,0.0052565370614212625,-0.00019807558844686657,0.020145217768058554,0.005434003419835021,-0.008979651431590074,0.008698907444450787,0.015113595213196218,-0.006909888862976499
1355,2024-05-22,-0.007538429610945752,-0.00010914012742568868,-0.008265373613953075,0.014942805756159583,-0.006064501399337674,0.0014306499152811902,0.006779577630012357,0.0034495123578028863,0.0015350446088107095,-0.020110278829573836
1356,2024-05-23,-0.02105792237574411,-0.011358061353112014,-0.016044940872185665,-0.024755523889633424,-0.007009321603964724,-0.014444367013220605,-0.004275599343185554,-0.008176183994853092,-0.0062836561810268865,-0.017059160833976295
1357,2024-05-24,0.016588067100702375,-0.0016570176564539851,0.008297209911689585,-0.01823654770761629,0.019246346936337533,-0.0014496740430864907,0.026708084694995415,0.007400501836978268,0.008328297536002616,-0.0007929634068383207
1358,2024-05-28,5.261038143666852e-05,0.007745471073219212,0.008057666973561695,-0.017622479543268232,-0.006028545785212058,-0.0029032312752178546,0.0035547526610693048,0.00037203092501680857,-0.005200339862956094,0.012696198902882871
1359,2024-05-29,0.001579037759802615,-0.0007136405620595809,-0.0028344330545182483,0.0004155008046990982,-0.00696743244705178,-0.0019410358534472927,-0.01158524659693827,-0.0026724657181752542,-0.0018451209967612625,-0.010708783372302966
1360,2024-05-30,0.005255053358605544,-0.014833517662161122,-0.021546299112958467,0.005815595819814723,0.006158278985495702,0.004375988106003037,-0.01541022757582311,-0.03378617426086483,-0.0004620134489946581,0.0031682195842230865
1361,2024-05-31,0.005018581742626038,-0.016060700229647673,0.0022659456235623043,0.009567611682557375,0.016555335846554442,0.015491351652495267,-0.00047114574395601405,0.0011093755699134178,0.013407332690770213,0.028686870866770908
1362,2024-06-03,0.009258794170812434,0.01076849847083472,0.0038840415294287833,0.007295352003443778,-0.003997260538455505,0.0,0.022834947745105083,-0.003878400007629512,0.0009124594539469122,-0.023963979258191936
1363,2024-06-04,0.0016491843353005908,0.00560726713319748,0.003580275090999452,0.0004061599365881019,-0.01318020075583115,0.016049626355627566,-0.0010470988579589502,0.006166591620005546,0.011850334196678691,-0.015552676608672877
1364,2024-06-05,0.007821004687887267,0.010817455564965828,0.009321769971294636,-0.012381707908244444,-0.009540033472511755,-0.0003127165297999168,0.03788341489550695,0.01908339518331381,0.007357281664673421,0.003994089629322017
1365,2024-06-06,-0.007096550327287954,0.020520748266509736,0.007525191120628882,0.003082862277844267,-0.001774305729256631,0.0035981872452572894,-0.0026259095744011196,0.0012026746398541288,0.0008946021737550325,0.007514163812490926
1366,2024-06-07,0.012391971804348367,-0.003783767287795614,-0.01284451716670576,0.004507708033785418,0.015438355134627102,-0.0037411961429494323,-0.0016202897941095529,-0.0015782035524843918,-0.018912987273739246,-0.010704649128150945
1367,2024-06-10,-0.01914770703369395,0.014975553234585881,0.004303910301588498,0.00033974885877907646,-0.0017002867323426818,-0.00500720452208292,0.0195553715677661,0.009484481193697603,0.016393647237969988,0.0029268201656329484
1368,2024-06-11,0.07264925517822474,0.0009087895389929823,0.00919946124566251,-0.002514728273034783,-0.026301254255265416,-0.0006289390942451067,0.009689637676286722,0.011241626069295352,-0.0034350960207290004,-0.008047379452826298
1369,2024-06-12,0.028578206855105703,-0.0018159287809064173,0.006624316632155125,-0.009198692703333955,-0.014560683860632584,-0.010542838731101067,0.0026995534124454323,0.01936775953651315,-0.006294021795297033,-0.011054619055204218
1370,2024-06-13,0.005491106468634266,-0.016373254687715777,-0.014792561340280841,0.00027518570341800164,0.011121137690549121,0.001749320546258204,-0.009315218272085035,0.0011790444949919543,0.0058813833288742234,-0.008023167274838316
1371,2024-06-14,-0.008168351865786572,-0.0009247574783878276,0.009305634941488838,0.000618776698889878,0.0006195244044782111,0.0007199680025631316,0.0011120171540150992,0.0022418400936072835,0.004797713212540744,-0.00845141288797624
1372,2024-06-17,0.019671508572807195,0.002177904217078641,0.0025456517519544253,0.0028170303846069,0.006192476083652476,0.001119001959023036,0.004899190678612664,0.013105270223908283,0.005968274839502019,-0.006873863277588987
1373,2024-06-18,-0.01098440269888512,-0.006791263808433312,-0.012130721615411066,-0.0020554863596701223,0.010360211550236809,0.0001597702588240768,-0.014093135658615807,-0.004527465492657035,0.0026697493682601436,0.009413167785726095
1374,2024-06-20,-0.02151295403413722,0.017996874289478493,0.006910925671366641,0.014623979538401333,0.008477007605488973,-0.007185182452316141,0.004424631932049339,-0.001433832189037143,0.006065445904257727,0.02157603017113785
1375,2024-06-21,-0.010444388677546712,0.01601287280926522,0.01888822420411218,0.006563841944068116,-0.011929258757714112,0.009488633394472146,-0.013793205977453593,0.009154143535527126,-0.00147037738773792,-0.008770315627512737
1376,2024-06-24,0.003132645926378297,-0.0185635417434159,-0.0022826329377892973,0.0024874488703658937,0.013143154966925197,0.019117476196860883,0.008347204500710026,-0.004691173252679315,0.014578068745155104,0.029703901275438538
1377,2024-06-25,0.004468166905733373,0.004149318226444709,0.02683861222653805,-0.012942524247715914,-0.00407287119812938,-0.0020322400424972464,0.023431058925062587,0.007326739240380409,-0.021480621301875114,0.0028058319584436386
1378,2024-06-26,0.019993296783125114,0.03901472799901873,-0.0008151673568979056,-0.002513811892513207,-0.0032312344358578216,0.003289548923981256,0.004935384223998973,0.002683269038034286,0.012904037911062316,0.00034966806298042385
1379,2024-06-27,0.003985854064973315,0.0218997235669518,0.008320788440753013,-0.0069473290028319035,0.008813263250952774,-0.0021858421811924433,0.012550606318731283,0.0015260564789336684,-0.006003706822088395,0.004282891365086083
1380,2024-06-28,-0.01625416236580668,-0.023249966952787915,-0.017582799935384696,0.00246916544300535,0.01551450380190933,-0.004068170414235017,-0.029524976883211873,-0.0130285197070098,-0.00250446380818381,0.0019147259234677527
1381,2024-07-01,0.02910473455413265,0.02043982896891161,0.004611698729684255,0.0019158660271438865,0.015771826313809356,-0.005813253615723157,0.0009122607948222061,0.021881509171827185,-0.0033967041841626022,-0.0013899114626468867
1382,2024-07-02,0.016239886872157383,0.014198798656638534,0.012295827794587044,-0.0027998267515364494,0.01645170294388487,-0.002054146211367125,0.009550667649659283,0.0055831868359663694,0.008743261868027208,-0.006784941314470494
1383,2024-07-03,0.005810890421224624,-0.012050018310546862,0.003131026169727713,-0.0023281574996953935,-0.0006704770882346445,0.0028503305227265407,0.0009028671680400002,0.0032441414430044446,0.002497587143466262,0.005079687176203107
1384,2024-07-05,0.021620526889554403,0.012196992290986808,0.025723835643536752,0.005422376788285943,-0.01325044458347202,0.006789741674491756,0.05873003109123642,0.014736365007589125,0.026377364002871495,-0.0121122457426871
1385,2024-07-08,0.006538910730926606,-0.0035500335693359197,-0.008237289272552739,-0.006826975663374091,0.001855545400265557,-0.012546925452116109,-0.01961422819487879,-0.002823249797474614,-0.005139762987880658,-0.010496489357077698
1386,2024-07-09,0.0037748145952298806,0.0002509059834530092,-0.0002645351883423519,0.010791867562068846,0.011990064482422458,-0.004288589419937483,0.0012845408821720028,-0.014370227194687724,0.003157168756954487,-0.011053704767437167
1387,2024-07-10,0.01880343098736037,0.002257434315787954,0.011641489735327415,0.01618493360550821,0.0008186837678236802,0.0022333262496045947,0.008849135217102733,0.014601481504615155,0.007296265559429083,0.00883363100930179
1388,2024-07-11,-0.023220767673258313,-0.023724863074531144,-0.029344019952528555,0.0018068877076511392,-0.0016842451967286065,0.00429733530222709,-0.04112669419973247,-0.024772149783468755,-0.008663563641523764,0.011883467746221177
1389,2024-07-12,0.013050989937746227,-0.0028710461411536325,-0.0026942608889214403,0.0012024191686854646,-0.012099320732258612,0.00950865153974334,-0.02697479033855943,-0.0025292423666802843,-0.008022997406945898,0.00017656307085123224
1390,2024-07-15,0.01674326386226488,-0.009100746683474936,0.007888727958081931,-0.004270050338105014,0.0249340970666736,-0.004552514409315811,-0.00543222121181175,0.000904071513372795,0.0053437861526510755,0.017127095110759383
1391,2024-07-16,0.001791882741659867,0.0015566783408964557,-0.01399250857091916,0.01186005288230052,0.01699594371906432,0.01356235054340682,-0.012838630772057491,-0.009780594293625655,0.005458805929664745,0.007204362990884672
1392,2024-07-17,-0.02529608623056767,-0.02637038381521739,-0.015767575916201926,0.03688507202171731,0.015213964318594897,0.01462584789864696,-0.05675915387896757,-0.013347488342518754,0.014859280400116415,0.013788290695754268
1393,2024-07-18,-0.020534761729446793,-0.022242286163404512,-0.01839572602903461,-0.00740852102465106,-0.03177025286198609,-0.0003066029944605031,0.030000770688330958,-0.007102256184312483,-0.002956498054211276,0.009860638320338122
1394,2024-07-19,0.0005800081692257653,-0.0033741230867346816,-0.00016890241107547777,-0.004697029557305776,-0.0009522940124278012,0.001533915897693472,0.0019752905172896185,-0.0074028914395002365,-0.0009883485936050818,-0.02297987459305817
1395,2024-07-22,-0.0015603019586344358,-0.003167158934036185,0.022571180865357254,-0.0029089752536763935,0.002383343891767309,-0.007964490412947223,0.022252966928139717,0.013337606333815089,-0.005229625583324848,-0.006892329212669579
1396,2024-07-23,0.004688152257497524,0.021144894800451786,0.0006604701908266009,-0.012253569763249761,0.0002377902891383954,0.002933444387560158,0.002646711331442342,0.004312169118199094,0.0038363649169355085,-0.0161361249178813
1397,2024-07-24,-0.028754229628454198,-0.029934025650088625,-0.05038779971307783,0.025795997557311434,-0.00827266820359518,0.013084913453641711,-0.056109162051953265,-0.035854894194204734,-0.0007076618643382382,0.014108116944346438
1398,2024-07-25,-0.004804564265690869,-0.005419431054668911,-0.030990997823764133,0.021499886567448723,0.00038359250046693383,0.00395084070115681,-0.01703989939328676,-0.02448129545373745,-0.00821556987288885,0.02104177233955684
1399,2024-07-26,0.0021609816434984275,0.014734466536293178,-0.001673881785233866,0.006264089977908727,0.01710818895279731,0.014832789210397435,0.027105770146616415,0.016419690825190125,-0.003427561547762581,-0.000851666607288637
1400,2024-07-29,0.0012845512395411873,0.003835599716395466,0.015149731924023024,-0.012948482354982693,-0.006549060415593222,-0.003281097388601606,2.135463242614044e-05,0.003433253957442428,-0.00229275186252742,-0.010483207749289125
1401,2024-07-30,0.002566088401956712,-0.008133134602594794,0.004482912313038545,0.017469893854412,0.020583256580090747,0.012718957675746045,-0.005410911035073851,-0.00892839022387626,-0.006176376205056844,0.017829414679808364
1402,2024-07-31,0.014990834358687533,0.029002194810164417,0.00734035378012754,-0.021570685589172856,-0.011106425569434863,-0.013889051887842063,0.02512991881424287,-0.01080589417196387,-0.007949211867501416,0.003554271617761673
1403,2024-08-01,-0.016750797782328575,-0.015563100170141508,-0.004546933905788086,0.01843530750943745,-0.022744311393146477,0.018279915282538584,0.04824883678221381,-0.0029640789796074873,0.01675420089716173,-0.013829235896947734
1404,2024-08-02,0.006869492666935706,-0.0878470841762542,-0.024010228285254787,0.02102509105136141,-0.04241213020368173,0.0201588211370356,-0.019287067385626577,-0.020665933188966257,-0.019057209977774936,-0.0005984543975880996
1405,2024-08-05,-0.04816702677120133,-0.04097671157906757,-0.044461888012233275,-0.017607054012985346,-0.02129150844227712,-0.01774109910197441,-0.025423053125613104,-0.032656951294011693,-0.012708233122515233,-0.018052865009921315
1406,2024-08-06,-0.009748143626240102,0.005651399696776416,-0.006028214397927334,-0.014139472430812039,0.027911852980665453,-0.0007342143041015881,0.038593272936809475,0.011286880140731315,0.002219329224756539,-0.005314876464728613
1407,2024-08-07,0.012498297072983888,0.0051874985158653075,0.004106319073331255,-0.00044039603320344956,0.000299363845901901,0.006024815860589117,-0.010463688044843322,-0.0029529238869181462,-0.01225274354038386,0.013314594300941174
1408,2024-08-08,0.016633208095457208,0.018615215947435537,0.019441323367846763,0.008307244877129971,0.018263470026921302,0.0039441668637481,0.04235861079998804,0.010692084033751659,0.011209187817052824,0.019104478280149273
1409,2024-08-09,0.013735892014797635,0.00687575011257735,0.01012173932836613,0.002496385307436011,0.008527011822581088,-0.0007276009398927696,0.01597264444554858,0.008269250990662558,0.004285820093469228,0.008143109283653915
1410,2024-08-12,0.007129902954928324,-0.000838620987187122,-0.00843176162910464,-0.004607147341540552,0.0018950476334631539,-0.007425811971483176,-0.0035153702301375933,0.001945840234198526,0.011037743571219893,0.0012622026941742082
1411,2024-08-13,0.017193096665186314,0.020563504874259175,0.011522561967373779,-0.009319311898912663,0.008487287722807713,0.004253999989878521,0.02440159057883884,0.01769866154926958,-0.008297121876567726,-0.009579845338780313
1412,2024-08-14,0.002033732513815334,-0.0007636117446156998,-0.023087128172704974,0.0005681230649448032,0.01106091185936009,0.0017529890936842651,-0.0033676630938503926,0.006883893990587531,0.007779470391636734,0.009248192408431333
1413,2024-08-15,0.013530583482816771,0.04403286281963403,0.005799065698628869,0.0038491685228594363,0.006230929021345588,0.0010207290473867037,0.020066117124060145,0.011823828626271515,0.0658316354885764,0.00618651901056233
1414,2024-08-16,0.005918472518204432,-0.002984395462729106,0.010291495023454278,0.0018856128807080985,0.011439313732458878,0.0077204130596291165,-0.018443126524260167,-0.006080312096679585,0.006550204916512259,-0.0047166663545255005
1415,2024-08-19,-0.0007078535323440382,0.006551472258579993,0.022766296127253227,0.0015058930102709311,0.006916883841077137,-0.002891008358618663,0.0035267070658915323,0.0073123689121139535,0.0036762049794689666,0.003046555708010601
1416,2024-08-20,0.0027446884258146564,0.003703308593809629,0.0030598992308714656,0.003320194856117231,-0.004316442956545541,0.005798548420507865,-0.004817856514886976,0.007757418793458815,0.01112315807156894,-0.03332492403696341
1417,2024-08-21,-0.00048563560797987293,0.006876093995775934,-0.007955625206763628,0.007929385657587051,0.000372915007401442,0.0027385876857453084,0.016004135031866484,-0.0015536117803544025,0.0093909449099987,-0.006371104637040714
1418,2024-08-22,-0.008259748756505925,-0.022097583221652117,-0.012360527110694353,0.005699177222070917,0.0094593936747569,-0.0034498088789274295,-0.006035445725954602,-0.020252838737907175,0.004518856051086928,0.0077294327650332395
1419,2024-08-23,0.010288213069664875,0.005166572293719973,0.011111246624924354,0.01096385533827271,0.007755158049239874,0.006635119682927071,-0.0073881850204921,0.00298403179301876,0.0015876976511122187,0.013858699188652901
1420,2024-08-26,0.001498797935076679,-0.00869856159361615,0.003260417232083146,0.0029246113766345783,0.003939349447601437,0.015045132984780274,-0.013030180564378768,-0.007917644174178728,0.004359272919750357,0.02140640408146166
1421,2024-08-27,0.003741590076061563,-0.013561281383547064,-0.008907113316194093,-0.002570862601221302,0.004608399101661886,0.009316610149681104,-0.003876447041386344,0.0008463638015838715,0.001315301386947132,-0.009511033707190975
1422,2024-08-28,-0.006753510960857967,-0.013401063602498708,-0.011112339770732116,0.0059527232483931325,0.005041240401783886,0.003496727919064302,-0.004469225118293951,-0.00782890319929519,-0.0006567868208571248,-0.009857213586422109
1423,2024-08-29,0.014570151144202681,0.007728290643119529,-0.0065705079510610664,0.001891126086252637,0.004157537213548723,0.0041810719136317065,0.002786442804094902,0.006137236208212382,0.004468963609983945,0.0138173461193567
1424,2024-08-30,-0.003437883950512699,0.037067191865004956,0.009889838807102036,0.009925294411553987,0.011655505467956795,0.005829195485725247,0.0059627680008700334,0.009730802844296615,0.010599387975557928,-0.0016082959721247514
1425,2024-09-03,-0.027205188425360127,-0.012605042016806678,-0.03684663838455016,0.00783787266142455,-0.02001775506821435,0.007451624720555827,-0.01831918618501316,-0.018459076386708517,-0.000776938517691006,-0.02094288910603037
1426,2024-09-04,-0.008618826339636287,-0.016567365497562103,-0.005782940087482924,0.0011963682800810727,-0.004403123557831901,-0.006163757261151148,0.0019148956715633325,-0.0013188643831134605,0.0009070495259666522,-0.012211022678537131
1427,2024-09-05,0.006927729486472467,0.026308183871355473,0.005049736119119075,-0.014161104283706205,-0.007750766513923146,-0.019156713618127763,0.00803524810507672,-0.001247213910021694,-0.0036250102775555737,-0.007802895871794613
1428,2024-09-06,-0.007014953257472922,-0.03653943460735232,-0.04019335153741055,-0.0036971617230316944,-0.0237560590947844,-0.00042127795236146515,-0.03209768725526496,-0.01638129818548628,-0.0041580419802528246,-0.004683174273142243
1429,2024-09-09,0.00040758931300821644,0.023396899008788496,-0.0133359793973572,0.013566137976499748,0.02047451525568178,0.009980161028256607,0.009035177130542804,0.01000736392815793,0.009133524798933257,0.021040458374160576
1430,2024-09-10,-0.0036214086874456486,0.023660258265018275,-0.00033643260692439725,0.004621639273010514,-0.05188875812565341,-0.0041753653444676075,0.0,0.020901197039294495,0.01900717303519661,-0.03643157207476777
1431,2024-09-11,0.011585103332009794,0.02768031821904482,0.016817071338941503,-0.015294509690042424,0.00812405320829801,-0.0065686311447689105,0.013946402414220183,0.021342195862826152,0.0003805338997597829,-0.009926141049863113
1432,2024-09-12,0.0004941016827186839,0.013440254011034547,0.023352649959703653,-0.0010921051193962805,-0.0030399954170923227,0.002110410701025023,0.02690340313318229,0.009360817889429995,0.010400999039068548,0.013762506281125741
1433,2024-09-13,-0.0012119955221181478,-0.0027272433520638684,0.017906735800643725,0.005344921110168599,-0.011035735012727588,0.0093997483698669,-0.0018644147772186592,0.008407493708316727,0.011800116971864005,-0.0007192532756660208
1434,2024-09-16,-0.027775254373006764,-0.008579580976924128,0.0038106048400734505,0.008881188600213585,0.017325696996262074,0.009662601229562418,0.017476886482089338,0.001741806636088361,-0.000496462333979486,0.014034956198043513
1435,2024-09-17,0.0021725005788388874,0.010763186217390919,0.007971727370069903,0.0004788817719350025,0.006687136877387756,-0.004160959240967821,0.00570053120468117,0.008832966578484758,-0.024329615777926028,0.013042434688470328
1436,2024-09-18,0.01798980348964907,-0.0024080275860086653,0.0030754485249848695,-0.0055066028870246475,-0.008219826966379018,-0.0006964093577440655,0.0030392578621272204,-0.009973440014122148,0.005470729349224435,0.003503211335646128
1437,2024-09-19,0.03706564077381258,0.01845197970580159,0.014579796348415108,-0.008004705987521232,0.014214848373654165,-0.01574915345343242,0.03931596005050908,0.018291021930091356,-0.012526871295852504,0.012393097093050809
1438,2024-09-20,-0.0029274550427984547,0.009111555436973395,0.008942925598005358,-0.004004385437786251,0.002898149427285057,0.014443570216309931,0.004024314595723055,-0.007795877369448423,0.013070271280759327,-0.006293113470779765
1439,2024-09-23,-0.007581111390202899,0.011899784481557152,-0.010636258932306353,-0.005726242394424763,0.0016580697539567701,0.0012564476922449774,0.005450986570337157,-0.004043475035008459,0.016063677446295888,0.018131381446578665
1440,2024-09-24,0.003974071890294528,0.0004126358007008335,0.002718349828524369,-0.0026957599143137,0.000709382269231229,-0.005576599677261762,-0.0019131981551497867,-0.010011240638765684,0.004232428939286992,-0.0026414436398883856
1441,2024-09-25,-0.004398096797038842,-0.007372694808574054,-0.004929278853482599,-0.013392269736842155,-0.006616606734339392,0.0016820601365823418,0.00884009550904552,0.0068502823182186035,0.009049293444960416,-0.019478994639614222
1442,2024-09-26,0.0050802086064263285,-0.007115748848874004,0.007678486950905672,0.004919124641308725,-0.0019505044344398925,-0.0006994863147375963,-0.0008268487791570633,-0.0018514296313481005,-0.018181735247729702,-0.017164630717346863
1443,2024-09-27,0.0011866923847481115,-0.016687603998192135,0.007497092454112009,6.181385754122637e-05,0.003432144983848362,0.005462089026404104,-0.0008454618259621238,-0.0076279053919254824,-0.001751773696274439,0.026772940586963223
1444,2024-09-30,0.022871990885051652,-0.008724793206352333,0.01158894570117841,0.004089336238207508,0.0017101652302495829,0.00097510891583652,0.008953826373900187,0.00532698116791086,0.01215837358313654,0.012087761584982815
1445,2024-10-01,-0.029141667331894716,-0.006440170323887107,0.006873671373511803,-0.00043189148903344243,-0.018116260247189153,-0.0020874835815118953,0.007039968184614942,-0.02233328033310933,0.00643962758138561,0.023119025221925327
1446,2024-10-02,0.002519800346968193,-0.0019986515757441925,-0.006767009541840063,-0.00506216090797007,0.0012074045481069717,-0.00976163463237334,-0.006349021267912702,-0.008462336270019799,-0.01033585730212161,0.01325760275987542
1447,2024-10-03,-0.004894663914892683,-0.015154729791167831,0.0,-0.004156971170745871,-0.009937754640454322,-0.006900403451189252,0.017387908903764515,-0.0014144573080367984,0.0,0.008722891085543028
1448,2024-10-04,0.005007285105715686,0.02500542770436165,0.007234954812876726,-0.0013085657388715033,0.035493760032183186,-0.004963010195289885,0.022598992536740026,-0.0011522919981747926,0.00634079793262865,0.01835543703348219
1449,2024-10-07,-0.022530833848686815,-0.03061493551686767,-0.024422300172411537,-0.004741327756696445,-0.001373084534040614,-0.01653121088936582,-0.018726618355578872,-0.01567080192338488,-0.02273283526103398,0.004325731310388603
1450,2024-10-08,0.01840415395437156,0.010619458719785868,0.008589952308593718,0.0010030504080529301,-0.0008533257515304093,0.00246340343652518,0.013868296749563136,0.012623929966032232,0.007711763747522582,-0.026561282112997908
1451,2024-10-09,0.016698318528298728,0.013408477078997505,-0.01533028424353533,0.0060114734736422815,0.012669060398175613,0.005637368675065257,-0.004014154118857638,0.006630980514515272,0.008656564769451425,0.0004095996691102499
1452,2024-10-10,-0.002178259280837147,0.007992632403596822,0.001359280779659855,-0.0008713643428862605,-0.0027176396908228373,-0.004599541935699669,-0.011312162680612525,-0.0038803597529177836,-0.009825985860124398,0.008600241069754322
1453,2024-10-11,-0.006505321374342898,0.011626110360002828,0.0071569317182222925,0.005918610272341196,0.04439945778493204,0.004620795478278206,0.010482514593363357,0.0011541572454421,0.0061550342614629105,0.003816834201713304
1454,2024-10-14,0.016479814884474475,-0.006779016992029097,0.010536751381423182,0.0008670915892510234,-0.003643832919297818,0.011067901916145484,0.0007965190185288407,0.006773756072548931,0.0023719749641819554,0.003802386314006867
1455,2024-10-15,0.01102469714902532,0.0007998782160802964,0.003030956806051144,0.015470265540973083,0.004108781123871363,0.0,-0.007028760099960341,-0.0009544339375110455,0.01693853528338063,-0.03006138085079202
1456,2024-10-16,-0.008851945794639438,-0.004262363692000948,-0.0018131343721043969,0.0010968969324760547,0.005620761482132197,0.0032699759676875217,-0.016170133707807843,-0.006256899012720862,-0.005266278254803081,0.002575886016943807
1457,2024-10-17,0.0015964690546950155,0.0034244710350397334,-0.013502131896000136,0.0011566155196791605,0.003487686628060649,-0.009494083600915859,0.00024274900327236892,0.00144185584424239,-0.004063191615442219,-0.0025692678757487375
1458,2024-10-18,0.012276433279887256,0.007785456851548744,0.003007401232518303,0.003951960224982454,0.004233152440946686,0.007725204073931957,-0.0007972736218621046,0.0034556791844708723,0.005192397858281739,-0.002825016843845285
1459,2024-10-21,0.006297853161462141,0.0004233124965837831,0.003977779578778096,-0.013868714865430176,-0.010516072669498722,-0.014054678867200243,-0.0022724470371429106,0.0014826662209044272,-0.006149259825587339,0.0005832196749515628
1460,2024-10-22,-0.002621711559509854,0.003332044214411578,0.006521332440350358,0.0038077669794589486,0.005022378512564485,0.0,0.011909749409241499,0.02084625209885771,0.014973287216813569,0.005163222033990111
1461,2024-10-23,-0.021622971877737873,-0.026304640562205495,-0.014290814961937515,0.014744682927599673,-0.0031678479264526382,-0.020734107417385683,-0.031477073867339445,-0.006806901465636339,0.01524016826844865,-0.0035625822582658895
1462,2024-10-24,-0.00082339427467093,0.009041189476714617,-0.0003687291299406814,-0.013204202938390308,0.007027340674693461,-0.010439747197412585,0.007255762782067965,0.00030612773932525705,-0.0027619415746986675,-0.005653925532885573
1463,2024-10-25,0.003643213176531823,0.007779788122410869,0.01567125108851064,-0.01704632975685294,-0.011867602328123783,-0.005646489210764383,0.009633861626426654,0.008052257531799834,-0.006382485811341931,-0.0008361834297939685
1464,2024-10-28,0.008599352944553607,0.002981406341556969,0.00877346445103755,0.004475404886452594,0.014349192195826088,-0.003735492236925264,0.008565264674274431,-0.0036435784588774167,0.002908694226355424,-0.004937590829743099
1465,2024-10-29,0.00115679634468413,0.012951868195294036,0.017754335623800577,-0.009344149258665113,-0.011529847874936716,-0.016649358009991677,0.026152009389935227,0.012564772201894447,-0.012688933700316762,-0.013624957262926007
1466,2024-10-30,-0.01527791307109605,0.009956473710913016,0.028170625554434725,0.003248286837534753,0.006774440759091949,0.005491272870098873,-0.0024947142511727582,0.00134276926683774,-0.0037942890340265656,-0.00503063377799251
1467,2024-10-31,-0.018209419639871327,-0.03284388507953562,-0.019202100113417164,-0.004669667324652349,-0.011095886713657799,-0.009253864943870371,-0.04092597351992633,-0.060527610420409994,0.006880348334147746,0.0007712472742176235
1468,2024-11-01,-0.013279696754671555,0.06185621865256041,0.0010517977427113578,0.0016889352510354172,0.0045963064655178965,-0.0045933135546856185,-0.0007400640805376169,0.009892998639650985,0.00292875990691166,-0.015670492434905037
1469,2024-11-04,-0.004037471027422912,-0.01086239567545566,-0.011967879107003587,-0.011802911471744837,-0.014174354639016618,0.001538231101036125,-0.011425259427828682,-0.004654391634132837,0.003163212841684082,0.0318400021229881
1470,2024-11-05,0.006486196596593885,0.0190009257528736,0.002954396469305731,0.0006950992681717949,0.007780627757276504,0.003993295024022014,0.02095667985146088,0.007344628198936887,0.014918167316406494,0.0029508565300999656
1471,2024-11-06,-0.0032670142500383914,0.038045094425516846,0.03988458450122079,-0.0029681719339733625,0.11544539699719647,-0.02554690939334925,-0.0006639392694310908,0.021192802252537613,-0.0028680258837811,0.017148491619289885
1472,2024-11-07,0.021372158266901975,0.01429333510169939,0.024021364457809113,-0.007283995055580306,-0.04322830963900082,-0.0006280335644254231,0.034350298815715385,0.01249471959147841,0.004913752536880978,0.0012396923949389294
1473,2024-11-08,-0.0011881839501586278,-0.008902691496347037,-0.01327814619299672,-0.008039135458664748,0.0025381948846756597,0.004084314153285362,-0.003988436849922672,-0.006793081774105869,0.011687499630991915,-0.0003300472177569791
1474,2024-11-11,-0.012028602253461695,-0.006436720074140534,0.011213951560066215,-0.0027659724298643162,0.00974767817745037,-0.008760898764879843,-0.01046942528209327,-0.01072096447469395,-0.007308762098024668,-0.005284553734692166
1475,2024-11-12,0.0,0.010007771034946433,0.0070418747880067745,-0.015479739003611659,0.0011283864166284907,-0.002525363046090856,0.0028294827793817756,0.012009319753290226,0.009262556778354192,-0.00099613035774071
1476,2024-11-13,0.003969128785468401,0.024843245179395845,-0.015086471869802942,0.003930730031648233,0.006678891139367593,-0.0031645697299745867,-0.008241966251070987,0.005129627760420918,0.006000866277057426,0.009306220339841076
1477,2024-11-14,0.013770582611637439,-0.012237320417028852,-0.018448111506632836,-0.00894031553173913,0.002944012295584608,-0.007142854432490742,-0.004896523961795074,0.003974625655221775,-0.012046759394129136,0.0006640389282248638
1478,2024-11-15,-0.014109298001904858,-0.041942478231440816,-0.017598764975640613,0.014025268106361066,0.014222520326086396,-0.012949571641801216,-0.039988906374690436,-0.027852687728531444,-0.0026045727917289874,-0.010368260718039979
1479,2024-11-18,0.013422261395069857,-0.004491405455644082,0.016290811887428536,0.004999866507413797,-0.0011413550642925818,0.0019435906970164396,0.0005774542469618726,0.0018314929747760278,-0.002017796678407513,0.008381550298844909
1480,2024-11-19,0.0011401307103171554,0.014427385751800914,0.016086493134341406,-0.011436221641895727,-0.007917459386383552,0.01180077854313022,0.01206732657802001,0.004882552950885355,0.0299714635470687,-0.013964057480553183
1481,2024-11-20,0.0031541185202828004,-0.00845508881471324,-0.012014216478190676,0.0007189053140663759,-0.00950260866773922,0.006390823328707551,0.00789525689971482,-0.005505303779376969,0.0066974924665379465,0.01424604605373192
1482,2024-11-21,-0.002096044896067739,-0.022180598835253806,-0.04744868014731207,0.015609813470779832,0.016529646502678075,0.012224129900221259,-0.004296923462663971,-0.004316670361050656,0.013879319791328948,0.013381024895662508
1483,2024-11-22,0.005907517065716572,-0.006351495788949668,-0.017121002313983058,-0.002122144387600944,0.015484470600485523,0.002509520524734743,-0.007014947839075414,0.010003155395307939,0.023192602646937566,-0.0011482486726313024
1484,2024-11-25,0.013050866677260853,0.021966324768223133,0.017540700821379707,0.003931034964397284,0.007000777779803347,0.007196436973956111,0.010676992300197474,0.004292520667712685,-0.010393602973432614,-0.014943738864861111
1485,2024-11-26,0.009404383964558116,0.03181932866326265,0.008768285034761458,-0.00012930745220129936,-0.0012786135509653684,0.002640563694873199,0.014917526821540683,0.021968010798594007,0.02022343957414363,-0.016670814642553933
1486,2024-11-27,-0.0005530899446042348,-0.010199148999145757,0.0006504646993135133,0.005694970108108377,-0.0007201802395331303,-0.0018590438728551817,-0.0075670053970451345,-0.011682454432063394,0.006242397883208017,-0.0026277636519151937
1487,2024-11-29,0.010215883876433907,0.010450052683389277,-0.0016545778346241935,-0.002509677452172232,-0.0002800794954663788,0.0021112198090187384,0.008995025222984676,0.0011111834708581458,0.006748041436390739,0.0025497603885700215
1488,2024-12-02,0.009522562187620265,0.01356490130596999,0.015033968020127908,-0.0013547334230777919,-0.013895570316435513,-0.0067103719565395625,0.032229476805066604,0.01775854692147827,0.0015134488554136016,-0.000932626651131252
1489,2024-12-03,0.012771842943683387,0.012956175029913197,-0.0008746007111712917,-0.01576228926064982,-0.00580714245876135,-0.0020423546140161397,0.035119587971217614,0.0005103304743721004,0.009391280183991269,-0.0015272952854435973
1490,2024-12-04,0.001483632339151164,0.02211394849472459,0.017684047490301502,-0.0124047706505791,-0.005800321352569915,-0.020623588202549614,0.00021197722279264752,0.014424810133203403,0.010052290207175574,-0.02880939036478325
1491,2024-12-05,0.0001234265638461185,0.010955259211262725,-0.009921314230663114,-0.006313492150214262,0.008545734627130486,0.011413034841998515,-0.00790194718918924,0.011887983220080889,0.008999601726653816,0.004375126324143608
1492,2024-12-06,-0.0008229105467324471,0.029381072944344444,0.011990299379234681,-0.0014045814053469385,0.007658451764827712,-0.006198276081486931,0.024370643432242822,0.0021462914358996166,0.004197208235586558,-0.010541801042234789
1493,2024-12-09,0.016101100453194572,-0.004140432746599476,0.004928119656453012,0.0019423277735295397,-0.014351553401170336,0.0011194319139149478,-0.016352199526428746,0.005523350905126678,-0.019540319261443173,-0.005899486005993548
1494,2024-12-10,0.004133767327917814,-0.004644181824783544,0.05588173591977741,-0.0024732945691295916,-0.003896428874702873,0.004952031068000462,0.00937149407345994,-0.006031175836112235,0.007673584332470007,-0.002037287840111035
1495,2024-12-11,-0.005166061348511053,0.02319588240507109,0.05524652765819926,-0.01735567063497867,0.0027588013556139046,-0.004291844684262358,0.02157196621789237,0.01276711918602813,0.0043363667065472455,-0.006656538580151361
1496,2024-12-12,0.005963698705680587,-0.0056023335225716675,-0.01760488354571077,-0.0027278452060508496,-0.008212677135714386,0.019157077480581375,-0.0029872769550925993,0.0012693948671071986,-0.00916183751570121,-0.000893462287660407
1497,2024-12-13,0.000685681701381613,-0.006594726378065796,-0.011148184237555814,0.002598335962299414,-0.006582925351326541,-0.011278214117281804,-0.0165506641684654,-0.005093828947443257,0.003919870223356936,-0.008764173496513927
1498,2024-12-16,0.011727559960675427,0.024048121869595374,0.036034107321157416,-0.01889222407227975,-0.0015005049984486707,-0.009030430726656213,0.007082226771443878,0.009658653451355637,0.006578307325284749,-0.02138215102317309
1499,2024-12-17,0.009719625117285968,-0.00764177579215608,-0.0063053243670843084,0.017796398188103746,-0.0050921792329942095,0.013589271858390095,-0.007689259970573348,0.006355260581240696,0.005797255671682988,-0.004240764557593479
1500,2024-12-18,-0.021421743657520365,-0.045987410359975445,-0.03592266397492083,-0.011338092767391506,-0.033520734468124425,-0.0086751433492408,-0.03591951919344294,-0.03756104129409987,-0.019597448373104953,-0.014720896676106765
1501,2024-12-19,0.007014646628176857,0.012561168873593154,0.0005838816445218331,-0.00808298121081219,0.011242947591322716,-0.006364418748025624,-0.0027127031282179193,-0.0008230337872171534,-0.0016035438351759135,-0.008550940004857233
1502,2024-12-20,0.01881582284261496,0.00729994595290151,0.015383817213123763,0.006198484743881183,0.019917466788070604,0.0016012643460183718,-0.017328020619776563,-0.0009839699478826347,-0.01241957627736312,0.0034119176919851224
1503,2024-12-23,0.003064932130502296,0.0006224408269079884,0.016822624209567483,0.00553763868581858,0.0033249481287962457,-0.002717778510818447,0.024946554689706302,-0.003092014314787006,-0.020490127710605877,0.004061607744174189
1504,2024-12-24,0.011478149780842495,0.017728630305015702,0.007604177315864824,0.003992580093472586,0.01644359984499455,0.007374119382891564,0.013170128271806636,0.00937383721687568,0.02578854523942753,0.0009406989635234453
1505,2024-12-26,0.0031757402583636463,-0.00873171784917226,-0.0026005382111213837,-0.0018512853854140143,0.0034254246379961106,-0.004296562756087696,-0.007239867366904296,-0.0027769667322976588,0.0011869654158600529,0.0008459007413603725
1506,2024-12-27,-0.013242268452804407,-0.014534256804240364,-0.014519604145878828,-0.003640587841344467,-0.008102394723446649,-0.0019179077590516513,-0.0058671819194064945,-0.01730151383322842,-0.012178069128032876,-9.38347643820725e-05
1507,2024-12-30,-0.013263430604093518,-0.010949707031249978,-0.007885350322523577,-0.011789147301016212,-0.007670918865745335,-0.0067253229169997875,-0.014288084531124623,-0.013239520829944174,-0.011891684064825103,-0.006761821803547785
